Title,Year,Country,Abstract
Introduction to Bayesian Data Analysis for Cognitive Science,2025,Unknown,"This book introduces Bayesian data analysis and Bayesian cognitive modeling to students and researchers in cognitive science (e.g., linguistics, psycholinguistics, psychology, computer science), with a particular focus on modeling data from planned experiments. The book relies on the probabilistic programming language Stan and the R package brms, which is a front-end to Stan. The book only assumes that the reader is familiar with the statistical programming language R, and has basic high school exposure to pre-calculus mathematics; some of the important mathematical constructs needed for the book are introduced in the first chapter. Through this book, the reader will be able to develop a practical ability to apply Bayesian modeling within their own field. The book begins with an informal introduction to foundational topics such as probability theory, and univariate and bi-/multivariate discrete and continuous random variables. Then, the application of Bayes' rule for statistical inference is introduced with several simple analytical examples that require no computing software; the main insight here is that the posterior distribution of a parameter is a compromise between the prior and the likelihood functions. The book then gradually builds up the regression framework using the brms package in R, ultimately leading to hierarchical regression modeling (aka the linear mixed model). Along the way, there is detailed discussion about the topic of prior selection, and developing a well-defined workflow. Later chapters introduce the Stan programming language, and cover advanced topics using practical examples: contrast coding, model comparison using Bayes factors and cross-validation, hierarchical models and reparameterization, defining custom distributions, measurement error models and meta-analysis, and finally, some examples of cognitive models: multinomial processing trees, finite mixture models, and accumulator models. Additional chapters, appendices, and exercises are provided as online materials and can be accessed here: https://github.com/bnicenboim/bayescogsci."
An Updated Mass–Radius Analysis of the 2017–2018 NICER Data Set of PSR J0030+0451,2024,NL,"Abstract In 2019 the NICER collaboration published the first mass and radius inferred for PSR J0030+0451, thanks to NICER observations, and consequent constraints on the equation of state characterizing dense matter. Two independent analyses found a mass of ∼1.3–1.4 M ⊙ and a radius of ∼13 km. They also both found that the hot spots were all located on the same hemisphere, opposite to the observer, and that at least one of them had a significantly elongated shape. Here we reanalyze, in greater detail, the same NICER data set, incorporating the effects of an updated NICER response matrix and using an upgraded analysis framework. We expand the adopted models and also jointly analyze XMM-Newton data, which enables us to better constrain the fraction of observed counts coming from PSR J0030+0451. Adopting the same models used in previous publications, we find consistent results, although with more stringent inference requirements. We also find a multimodal structure in the posterior surface. This becomes crucial when XMM-Newton data is accounted for. Including the corresponding constraints disfavors the main solutions found previously, in favor of the new and more complex models. These have inferred masses and radii of ∼[1.4 M ⊙ , 11.5 km] and ∼[1.7 M ⊙ , 14.5 km], depending on the assumed model. They display configurations that do not require the two hot spots generating the observed X-rays to be on the same hemisphere, nor to show very elongated features, and point instead to the presence of temperature gradients and the need to account for them."
Taming the terminological tempest in invasion science,2024,CZ,"Standardised terminology in science is important for clarity of interpretation and communication. In invasion science - a dynamic and rapidly evolving discipline - the proliferation of technical terminology has lacked a standardised framework for its development. The result is a convoluted and inconsistent usage of terminology, with various discrepancies in descriptions of damage and interventions. A standardised framework is therefore needed for a clear, universally applicable, and consistent terminology to promote more effective communication across researchers, stakeholders, and policymakers. Inconsistencies in terminology stem from the exponential increase in scientific publications on the patterns and processes of biological invasions authored by experts from various disciplines and countries since the 1990s, as well as publications by legislators and policymakers focusing on practical applications, regulations, and management of resources. Aligning and standardising terminology across stakeholders remains a challenge in invasion science. Here, we review and evaluate the multiple terms used in invasion science (e.g. 'non-native', 'alien', 'invasive' or 'invader', 'exotic', 'non-indigenous', 'naturalised', 'pest') to propose a more simplified and standardised terminology. The streamlined framework we propose and translate into 28 other languages is based on the terms (i) 'non-native', denoting species transported beyond their natural biogeographic range, (ii) 'established non-native', i.e. those non-native species that have established self-sustaining populations in their new location(s) in the wild, and (iii) 'invasive non-native' - populations of established non-native species that have recently spread or are spreading rapidly in their invaded range actively or passively with or without human mediation. We also highlight the importance of conceptualising 'spread' for classifying invasiveness and 'impact' for management. Finally, we propose a protocol for classifying populations based on (i) dispersal mechanism, (ii) species origin, (iii) population status, and (iv) impact. Collectively and without introducing new terminology, the framework that we present aims to facilitate effective communication and collaboration in invasion science and management of non-native species."
The ethics of using generative AI for qualitative data analysis,2024,HK,"It is important to note that the text of this editorial is entirely written by humans without any Generative Artificial Intelligence (GAI) contribution or assistance. The Editor of the ISJ (Robert M. Davison) was contacted by one of the ISJ's Associate Editors (AE) (Marjolein van Offenbeek) who explained that the qualitative data analysis software ATLAS.ti was offering a free-of-charge analysis of research data if the researcher shared the same data with ATLAS.ti for training purposes for their GAI1 analysis tool. Marjolein believed that this spawned an ethical dilemma. Robert forwarded Marjolein's email to the ISJ's Senior Editors (SEs) and Associate Editors (AEs) and invited their comments. Nine of the SEs and AEs replied with feedback. We (the 11 contributing authors) then engaged in a couple of rounds of brainstorming before amalgamating the text in a shared document. This was initially created by Hameed Chughtai, but then commented on and edited by all the members of the team. The final version constitutes the shared opinion of the 11 members of the team, after several rounds of discussion. It is important to emphasise that the 11 authors have contrasting views about whether GAI should be used in qualitative data analysis, but we have reached broad agreement about the ethical issues associated with this use of GAI. Although many other topics related to the use of GAI in research could be discussed, for example, how GAI could be effectively used for qualitative analysis, we believe that ethical concerns overarch many of these other topics. Thus, in this editorial we exclusively focus on the ethics associated with using GAI for qualitative data analysis."
Automatic detection for bioacoustic research: a practical guide from and for biologists and computer scientists,2024,GB,"Recent years have seen a dramatic rise in the use of passive acoustic monitoring (PAM) for biological and ecological applications, and a corresponding increase in the volume of data generated. However, data sets are often becoming so sizable that analysing them manually is increasingly burdensome and unrealistic. Fortunately, we have also seen a corresponding rise in computing power and the capability of machine learning algorithms, which offer the possibility of performing some of the analysis required for PAM automatically. Nonetheless, the field of automatic detection of acoustic events is still in its infancy in biology and ecology. In this review, we examine the trends in bioacoustic PAM applications, and their implications for the burgeoning amount of data that needs to be analysed. We explore the different methods of machine learning and other tools for scanning, analysing, and extracting acoustic events automatically from large volumes of recordings. We then provide a step-by-step practical guide for using automatic detection in bioacoustics. One of the biggest challenges for the greater use of automatic detection in bioacoustics is that there is often a gulf in expertise between the biological sciences and the field of machine learning and computer science. Therefore, this review first presents an overview of the requirements for automatic detection in bioacoustics, intended to familiarise those from a computer science background with the needs of the bioacoustics community, followed by an introduction to the key elements of machine learning and artificial intelligence that a biologist needs to understand to incorporate automatic detection into their research. We then provide a practical guide to building an automatic detection pipeline for bioacoustic data, and conclude with a discussion of possible future directions in this field."
Quantum Computing for High-Energy Physics: State of the Art and Challenges,2024,CH,"Quantum computers offer an intriguing path for a paradigmatic change of computing in the natural sciences and beyond, with the potential for achieving a so-called quantum advantage—namely, a significant (in some cases exponential) speedup of numerical simulations. The rapid development of hardware devices with various realizations of qubits enables the execution of small-scale but representative applications on quantum computers. In particular, the high-energy physics community plays a pivotal role in accessing the power of quantum computing, since the field is a driving source for challenging computational problems. This concerns, on the theoretical side, the exploration of models that are very hard or even impossible to address with classical techniques and, on the experimental side, the enormous data challenge of newly emerging experiments, such as the upgrade of the Large Hadron Collider. In this Roadmap paper, led by CERN, DESY, and IBM, we provide the status of high-energy physics quantum computations and give examples of theoretical and experimental target benchmark applications, which can be addressed in the near future. Having in mind hardware with about 100 qubits capable of executing several thousand two-qubit gates, where possible, we also provide resource estimates for the examples given using error-mitigated quantum computing. The ultimate declared goal of this task force is therefore to trigger further research in the high-energy physics community to develop interesting use cases for demonstrations on near-term quantum computers. Published by the American Physical Society 2024"
The effects of data quality on machine learning performance on tabular data,2025,DE,"Modern artificial intelligence (AI) applications require large quantities of training and test data. This need creates critical challenges not only concerning the availability of such data, but also regarding its quality. For example, incomplete, erroneous, or inappropriate training data can lead to unreliable models that produce ultimately poor decisions. Trustworthy AI applications require high-quality training and test data along many quality dimensions, such as accuracy, completeness, and consistency. We explore empirically the relationship between six data quality dimensions and the performance of 19 popular machine learning algorithms covering the tasks of classification, regression, and clustering, with the goal of explaining their performance in terms of data quality. Our experiments distinguish three scenarios based on the AI pipeline steps that were fed with polluted data: polluted training data, test data, or both. We conclude the paper with an extensive discussion of our observations."
Mobility Data Science: Perspectives and Challenges,2024,US,"Mobility data captures the locations of moving objects such as humans, animals, and cars. With the availability of Global Positioning System (GPS)–equipped mobile devices and other inexpensive location-tracking technologies, mobility data is collected ubiquitously. In recent years, the use of mobility data has demonstrated a significant impact in various domains, including traffic management, urban planning, and health sciences. In this article, we present the domain of mobility data science. Towards a unified approach to mobility data science, we present a pipeline having the following components: mobility data collection, cleaning, analysis, management, and privacy. For each of these components, we explain how mobility data science differs from general data science, we survey the current state-of-the-art, and describe open challenges for the research community in the coming years."
"The Effects of Problem-Based, Project-Based, and Case-Based Learning on Students’ Motivation: a Meta-Analysis",2024,NL,"Abstract In this meta-analysis, we examined the effects on students’ motivation of student-centered, problem-driven learning methods compared to teacher-centered/lecture-based learning. Specifically, we considered problem-based (PBL), project-based (PjBL), and case-based learning (CBL). We viewed motivation as a multifaceted construct consisting of students’ beliefs (competence and control beliefs), perceptions of task value (interest and importance), and reasons for engaging in tasks (intrinsic or extrinsic). In addition, we included students’ attitudes toward school subjects (e.g., science). We included 139 subsamples from the 132 included reports (83 PBL, 37 PjBL, and 19 CBL subsamples). Overall, PBL, PjBL, and CBL had a small to moderate, heterogeneous positive effect ( d = 0.498) on motivation. Moderator analyses revealed that larger effect sizes were found for students’ beliefs, values, and attitudes compared to students’ reasons for studying. No differences were found between the three instructional methods on motivation. However, effect sizes were larger when problem-driven learning was applied in a single course (when compared to a curriculum-level approach). Larger effects were also found in some academic domains (i.e., healthcare and STEM) than in others. While the impact of problem-driven learning on motivation is generally positive, the intricate interplay of factors such as academic domain and implementation level underscores the need for a nuanced approach to leveraging these instructional methods effectively with regard to increasing student motivation."
Empowering natural product science with AI: leveraging multimodal data and knowledge graphs,2024,NL,"Artificial intelligence (AI) is accelerating how we conduct science, from folding proteins with AlphaFold and summarizing literature findings with large language models, to annotating genomes and prioritizing newly generated molecules for screening using specialized software. However, the application of AI to emulate human cognition in natural product research and its subsequent impact has so far been limited. One reason for this limited impact is that available natural product data is multimodal, unbalanced, unstandardized, and scattered across many data repositories. This makes natural product data challenging to use with existing deep learning architectures that consume fairly standardized, often non-relational, data. It also prevents models from learning overarching patterns in natural product science. In this Viewpoint, we address this challenge and support ongoing initiatives aimed at democratizing natural product data by collating our collective knowledge into a knowledge graph. By doing so, we believe there will be an opportunity to use such a knowledge graph to develop AI models that can truly mimic natural product scientists' decision-making."
Developments and applications of the HYDRUS computer software packages since 2016,2024,US,"Abstract The HYDRUS codes have become standard tools for addressing many soil, agricultural, environmental, and hydrological problems requiring the evaluation of various subsurface physical, chemical, and biological processes. There are now many thousands of HYDRUS users worldwide, with thousands of applications of the HYDRUS models appearing in the peer‐reviewed literature. In this manuscript, we provide an overview of the capabilities of the most recent Version 5 of HYDRUS, focusing primarily on features implemented since 2016. We briefly describe the standard HYDRUS model and its standard and nonstandard specialized add‐on modules that significantly expand the capabilities of the software packages. The standard add‐on modules include HPx, UNSATCHEM, Wetland, Furrow, PFAS, COSMIC, DPU, SLOPE Cube, and Particle Tracking. Recent developments of the HYDRUS Package for MODFLOW are also described, along with additional capabilities incorporated into the graphical user interface supporting HYDRUS. Also discussed are new or improved options to simulate the fate and transport of environmental isotopes, multi‐cropping systems, compensated root water uptake, and hydraulic redistribution within the rootzone, which will be implemented in upcoming add‐on modules. Another objective is to review selected applications of the HYDRUS models, such as evaluations of various irrigation, low‐impact development (LID), and managed aquifer recharge (MAR) schemes."
High-dimensional single-cell analysis of human natural killer cell heterogeneity,2024,FR,"Natural killer (NK) cells are innate lymphoid cells (ILCs) contributing to immune responses to microbes and tumors. Historically, their classification hinged on a limited array of surface protein markers. Here, we used single-cell RNA sequencing (scRNA-seq) and cellular indexing of transcriptomes and epitopes by sequencing (CITE-seq) to dissect the heterogeneity of NK cells. We identified three prominent NK cell subsets in healthy human blood: NK1, NK2 and NK3, further differentiated into six distinct subgroups. Our findings delineate the molecular characteristics, key transcription factors, biological functions, metabolic traits and cytokine responses of each subgroup. These data also suggest two separate ontogenetic origins for NK cells, leading to divergent transcriptional trajectories. Furthermore, we analyzed the distribution of NK cell subsets in the lung, tonsils and intraepithelial lymphocytes isolated from healthy individuals and in 22 tumor types. This standardized terminology aims at fostering clarity and consistency in future research, thereby improving cross-study comparisons."
On Formal Methods Thinking in Computer Science Education,2024,GB,"Formal Methods (FMs) radically improve the quality of the code artefacts they help to produce. They are simple, probably accessible to first-year undergraduate students and certainly to second-year students and beyond. Nevertheless, in many cases, they are not part of a general recommendation for course curricula, i.e., they are not taught — and yet they are valuable. One reason for this is that teaching “Formal Methods” is often confused with teaching logic and theory. This article advocates what we call FM thinking : the application of ideas from Formal Methods applied in informal, lightweight, practical and accessible ways. We will argue here that FM thinking should be part of the recommended curriculum for every Computer Science student, for even students who train only in that “thinking” will become much better programmers. However, there will be others who, exposed to those ideas, will be ideally positioned to go further into the more theoretical background: why the techniques work, how they can be automated, and how new ones can be developed. Those students would follow subsequently a specialised, more theoretical stream, including topics such as semantics, logics, verification and proof-automation techniques."
The EarthCARE mission: science data processing chain overview,2024,FR,"The Earth Cloud Aerosol and Radiation Explorer (EarthCARE) is a satellite mission implemented by the European Space Agency (ESA) in cooperation with the Japan Aerospace Exploration Agency (JAXA) to measure vertical profiles of aerosols, clouds, and precipitation properties together with radiative fluxes and derived heating rates. The data will be used in particular to evaluate the representation of clouds, aerosols, precipitation, and associated radiative fluxes in weather forecasting and climate models. The satellite embarks four instruments: the ATmospheric LIDar (ATLID), the Cloud Profiling Radar (CPR), the Multi-Spectral Imager (MSI), and the Broadband Radiometer (BBR). The science data acquired by the four satellite instruments are processed on ground. Calibrated instrument data – level 1 data products – and retrieved geophysical data products – level 2 data products – are produced in the ESA and JAXA ground segments. This paper provides an overview of the data processing chains of ESA and JAXA and explains the instrument level 1 data products and main aspects of the calibration algorithms. Furthermore, an overview of the level 2 data products, with references to the respective dedicated papers, is provided."
Network analysis: An overview for mental health research,2024,BE,"Network approaches to psychopathology have become increasingly common in mental health research, with many theoretical and methodological developments quickly gaining traction. This article illustrates contemporary practices in applying network analytical tools, bridging the gap between network concepts and their empirical applications. We explain how we can use graphs to construct networks representing complex associations among observable psychological variables. We then discuss key network models, including dynamic networks, time-varying networks, network models derived from panel data, network intervention analysis, latent networks, and moderated models. In addition, we discuss Bayesian networks and their role in causal inference with a focus on cross-sectional data. After presenting the different methods, we discuss how network models and psychopathology theories can meaningfully inform each other. We conclude with a discussion that summarizes the insights each technique can provide in mental health research."
An EEG motor imagery dataset for brain computer interface in acute stroke patients,2024,CN,"The brain-computer interface (BCI) is a technology that involves direct communication with parts of the brain and has evolved rapidly in recent years; it has begun to be used in clinical practice, such as for patient rehabilitation. Patient electroencephalography (EEG) datasets are critical for algorithm optimization and clinical applications of BCIs but are rare at present. We collected data from 50 acute stroke patients with wireless portable saline EEG devices during the performance of two tasks: 1) imagining right-handed movements and 2) imagining left-handed movements. The dataset consists of four types of data: 1) the motor imagery instructions, 2) raw recording data, 3) pre-processed data after removing artefacts and other manipulations, and 4) patient characteristics. This is the first open dataset to address left- and right-handed motor imagery in acute stroke patients. We believe that the dataset will be very helpful for analysing brain activation and designing decoding methods that are more applicable for acute stroke patients, which will greatly facilitate research in the field of motor imagery-BCI."
Sharing sensitive data in life sciences: an overview of centralized and federated approaches,2024,FR,"Biomedical data are generated and collected from various sources, including medical imaging, laboratory tests and genome sequencing. Sharing these data for research can help address unmet health needs, contribute to scientific breakthroughs, accelerate the development of more effective treatments and inform public health policy. Due to the potential sensitivity of such data, however, privacy concerns have led to policies that restrict data sharing. In addition, sharing sensitive data requires a secure and robust infrastructure with appropriate storage solutions. Here, we examine and compare the centralized and federated data sharing models through the prism of five large-scale and real-world use cases of strategic significance within the European data sharing landscape: the French Health Data Hub, the BBMRI-ERIC Colorectal Cancer Cohort, the federated European Genome-phenome Archive, the Observational Medical Outcomes Partnership/OHDSI network and the EBRAINS Medical Informatics Platform. Our analysis indicates that centralized models facilitate data linkage, harmonization and interoperability, while federated models facilitate scaling up and legal compliance, as the data typically reside on the data generator's premises, allowing for better control of how data are shared. This comparative study thus offers guidance on the selection of the most appropriate sharing strategy for sensitive datasets and provides key insights for informed decision-making in data sharing efforts."
Federated Learning Under Attack: Exposing Vulnerabilities Through Data Poisoning Attacks in Computer Networks,2025,TR,"Federated Learning is an approach that enables multiple devices to collectively train a shared model without sharing raw data, thereby preserving data privacy. However, federated learning systems are vulnerable to data-poisoning attacks during the training and updating stages. Three data-poisoning attacks–label flipping, feature poisoning, and VagueGAN–are tested on FL models across one out of ten clients using the CIC and UNSW datasets. For label flipping, we randomly modify labels of benign data; for feature poisoning, we alter highly influential features identified by the Random Forest technique; and for VagueGAN, we generate adversarial examples using Generative Adversarial Networks. Adversarial samples constitute a small portion of each dataset. In this study, we vary the percentages by which adversaries can modify datasets to observe their impact on the Client and Server sides. Experimental findings indicate that label flipping and VagueGAN attacks do not significantly affect server accuracy, as they are easily detectable by the Server. In contrast, feature poisoning attacks subtly undermine model performance while maintaining high accuracy and attack success rates, highlighting their subtlety and effectiveness. Therefore, feature poisoning attacks manipulate the server without causing a significant decrease in model accuracy, underscoring the vulnerability of federated learning systems to such sophisticated attacks. To mitigate these vulnerabilities, we explore a recent defensive approach known as Random Deep Feature Selection, which randomizes server features with varying sizes (e.g., 50 and 400) during training. This strategy has proven highly effective in minimizing the impact of such attacks, particularly on feature poisoning."
Computer-Aided Diagnosis for Leaving Colorectal Polyps In Situ,2024,IT,"BACKGROUND: Computer-aided diagnosis (CADx) allows prediction of polyp histology during colonoscopy, which may reduce unnecessary removal of nonneoplastic polyps. However, the potential benefits and harms of CADx are still unclear. PURPOSE: To quantify the benefit and harm of using CADx in colonoscopy for the optical diagnosis of small (≤5-mm) rectosigmoid polyps. DATA SOURCES: Medline, Embase, and Scopus were searched for articles published before 22 December 2023. STUDY SELECTION: Histologically verified diagnostic accuracy studies that evaluated the real-time performance of physicians in predicting neoplastic change of small rectosigmoid polyps without or with CADx assistance during colonoscopy. DATA EXTRACTION: The clinical benefit and harm were estimated on the basis of accuracy values of the endoscopist before and after CADx assistance. The certainty of evidence was assessed using the GRADE (Grading of Recommendations Assessment, Development and Evaluation) framework. The outcome measure for benefit was the proportion of polyps predicted to be nonneoplastic that would avoid removal with the use of CADx. The outcome measure for harm was the proportion of neoplastic polyps that would be not resected and left in situ due to an incorrect diagnosis with the use of CADx. Histology served as the reference standard for both outcomes. DATA SYNTHESIS: Ten studies, including 3620 patients with 4103 small rectosigmoid polyps, were analyzed. The studies that assessed the performance of CADx alone (9 studies; 3237 polyps) showed a sensitivity of 87.3% (95% CI, 79.2% to 92.5%) and specificity of 88.9% (CI, 81.7% to 93.5%) in predicting neoplastic change. In the studies that compared histology prediction performance before versus after CADx assistance (4 studies; 2503 polyps), there was no difference in the proportion of polyps predicted to be nonneoplastic that would avoid removal (55.4% vs. 58.4%; risk ratio [RR], 1.06 [CI, 0.96 to 1.17]; moderate-certainty evidence) or in the proportion of neoplastic polyps that would be erroneously left in situ (8.2% vs. 7.5%; RR, 0.95 [CI, 0.69 to 1.33]; moderate-certainty evidence). LIMITATION: The application of optical diagnosis was only simulated, potentially altering the decision-making process of the operator. CONCLUSION: Computer-aided diagnosis provided no incremental benefit or harm in the management of small rectosigmoid polyps during colonoscopy. PRIMARY FUNDING SOURCE: European Commission. (PROSPERO: CRD42023402197)."
"National biodiversity data infrastructures: ten essential functions for science, policy, and practice",2024,DE,"Today, at the international level, powerful data portals are available to biodiversity researchers and policymakers, offering increasingly robust computing and network capacities and capable data services for internationally agreed-on standards. These accelerate individual and complex workflows to map data-driven research processes or even to make them possible for the first time. At the national level, however, and alongside these international developments, national infrastructures are needed to take on tasks that cannot be easily funded or addressed internationally. To avoid gaps, as well as redundancies in the research landscape, national tasks and responsibilities must be clearly defined to align efforts with core priorities. In the present article, we outline 10 essential functions of national biodiversity data infrastructures. They serve as key providers, facilitators, mediators, and platforms for effective biodiversity data management, integration, and analysis that require national efforts to foster biodiversity science, policy, and practice."
Hyperbolic Deep Learning in Computer Vision: A Survey,2024,NL,"Abstract Deep representation learning is a ubiquitous part of modern computer vision. While Euclidean space has been the de facto standard manifold for learning visual representations, hyperbolic space has recently gained rapid traction for learning in computer vision. Specifically, hyperbolic learning has shown a strong potential to embed hierarchical structures, learn from limited samples, quantify uncertainty, add robustness, limit error severity, and more. In this paper, we provide a categorization and in-depth overview of current literature on hyperbolic learning for computer vision. We research both supervised and unsupervised literature and identify three main research themes in each direction. We outline how hyperbolic learning is performed in all themes and discuss the main research problems that benefit from current advances in hyperbolic learning for computer vision. Moreover, we provide a high-level intuition behind hyperbolic geometry and outline open research questions to further advance research in this direction."
DATA PRIVACY LAWS AND COMPLIANCE: A COMPARATIVE REVIEW OF THE EU GDPR AND USA REGULATIONS,2024,NL,"This Review provides an overview of the comparative review of data privacy laws and compliance, focusing on the European Union's General Data Protection Regulation (EU GDPR) and data protection regulations in the United States. The analysis explores key similarities and differences, emphasizing their implications for businesses and individuals. The EU GDPR, implemented in 2018, stands as a landmark regulation governing data protection and privacy for individuals within the European Union and the European Economic Area. In contrast, the United States lacks a comprehensive federal data privacy law. Instead, it relies on a patchwork of sector-specific laws and state regulations, such as the California Consumer Privacy Act (CCPA) and the Health Insurance Portability and Accountability Act (HIPAA). One major distinction lies in the overarching principles of these regulations. The EU GDPR adopts a comprehensive and rights-based approach, emphasizing individual rights to privacy, data portability, and the ""right to be forgotten."" In contrast, the U.S. system often focuses on specific industries or types of data, leading to a more fragmented regulatory landscape. Both regulatory frameworks incorporate principles of transparency, consent, and data breach notification. However, differences in enforcement mechanisms and penalties exist. The EU GDPR imposes significant fines for non-compliance, reaching up to 4% of a company's global annual revenue. In the U.S., penalties vary by state, and enforcement is often reactive, triggered by data breaches. Businesses operating globally must navigate these distinct regulatory landscapes, necessitating a nuanced approach to data privacy compliance. Multinational corporations must adhere to the more stringent requirements when handling EU citizens' data while also considering the diverse regulations within the U.S. This review underscores the ongoing evolution of data privacy laws worldwide and the critical importance for organizations to stay abreast of these developments. It emphasizes the need for a proactive and adaptive approach to data privacy compliance, taking into account the unique requirements and expectations of both the EU GDPR and U.S. regulations. Keywords: Data Privacy, Laws, Compliance, EU GDPR, Regulations."
Analyzing Prospects for Quantum Advantage in Topological Data Analysis,2024,AU,"Lloyd [Nat. Commun. , 10138 (2016)] were first to demonstrate the promise of quantum algorithms for computing Betti numbers, a way to characterize topological features of data sets. Here, we propose, analyze, and optimize an improved quantum algorithm for topological data analysis (TDA) with reduced scaling, including a method for preparing Dicke states based on inequality testing, a more efficient amplitude estimation algorithm using Kaiser windows, and an optimal implementation of eigenvalue projectors based on Chebyshev polynomials. We compile our approach to a fault-tolerant gate set and estimate constant factors in the Toffoli complexity. Our analysis reveals that superquadratic quantum speedups are only possible for this problem when targeting a multiplicative error approximation and the Betti number grows asymptotically. Further, we propose a dequantization of the quantum TDA algorithm that shows that having exponentially large dimension and Betti number are necessary, but insufficient conditions, for superpolynomial advantage. We then introduce and analyze specific problem examples which have parameters in the regime where superpolynomial advantages may be achieved, and argue that quantum circuits with tens of billions of Toffoli gates can solve seemingly classically intractable instances. Published by the American Physical Society 2024"
ECG-based data-driven solutions for diagnosis and prognosis of cardiovascular diseases: A systematic review,2024,FI,"Cardiovascular diseases (CVD) are a leading cause of death globally, and result in significant morbidity and reduced quality of life. The electrocardiogram (ECG) plays a crucial role in CVD diagnosis, prognosis, and prevention; however, different challenges still remain, such as an increasing unmet demand for skilled cardiologists capable of accurately interpreting ECG. This leads to higher workload and potential diagnostic inaccuracies. Data-driven approaches, such as machine learning (ML) and deep learning (DL) have emerged to improve existing computer-assisted solutions and enhance physicians' ECG interpretation of the complex mechanisms underlying CVD. However, many ML and DL models used to detect ECG-based CVD suffer from a lack of explainability, bias, as well as ethical, legal, and societal implications (ELSI). Despite the critical importance of these Trustworthy Artificial Intelligence (AI) aspects, there is a lack of comprehensive literature reviews that examine the current trends in ECG-based solutions for CVD diagnosis or prognosis that use ML and DL models and address the Trustworthy AI requirements. This review aims to bridge this knowledge gap by providing a systematic review to undertake a holistic analysis across multiple dimensions of these data-driven models such as type of CVD addressed, dataset characteristics, data input modalities, ML and DL algorithms (with a focus on DL), and aspects of Trustworthy AI like explainability, bias and ethical considerations. Additionally, within the analyzed dimensions, various challenges are identified. To these, we provide concrete recommendations, equipping other researchers with valuable insights to understand the current state of the field comprehensively."
Longevity of a Brain–Computer Interface for Amyotrophic Lateral Sclerosis,2024,US,"The durability of communication with the use of brain-computer interfaces in persons with progressive neurodegenerative disease has not been extensively examined. We report on 7 years of independent at-home use of an implanted brain-computer interface for communication by a person with advanced amyotrophic lateral sclerosis (ALS), the inception of which was reported in 2016. The frequency of at-home use increased over time to compensate for gradual loss of control of an eye-gaze-tracking device, followed by a progressive decrease in use starting 6 years after implantation. At-home use ended when control of the brain-computer interface became unreliable. No signs of technical malfunction were found. Instead, the amplitude of neural signals declined, and computed tomographic imaging revealed progressive atrophy, which suggested that ALS-related neurodegeneration ultimately rendered the brain-computer interface ineffective after years of successful use, although alternative explanations are plausible. (Funded by the National Institute on Deafness and Other Communication Disorders and others; ClinicalTrials.gov number, NCT02224469.)."
Online speech synthesis using a chronically implanted brain–computer interface in an individual with ALS,2024,US,"Brain-computer interfaces (BCIs) that reconstruct and synthesize speech using brain activity recorded with intracranial electrodes may pave the way toward novel communication interfaces for people who have lost their ability to speak, or who are at high risk of losing this ability, due to neurological disorders. Here, we report online synthesis of intelligible words using a chronically implanted brain-computer interface (BCI) in a man with impaired articulation due to ALS, participating in a clinical trial (ClinicalTrials.gov, NCT03567213) exploring different strategies for BCI communication. The 3-stage approach reported here relies on recurrent neural networks to identify, decode and synthesize speech from electrocorticographic (ECoG) signals acquired across motor, premotor and somatosensory cortices. We demonstrate a reliable BCI that synthesizes commands freely chosen and spoken by the participant from a vocabulary of 6 keywords previously used for decoding commands to control a communication board. Evaluation of the intelligibility of the synthesized speech indicates that 80% of the words can be correctly recognized by human listeners. Our results show that a speech-impaired individual with ALS can use a chronically implanted BCI to reliably produce synthesized words while preserving the participant's voice profile, and provide further evidence for the stability of ECoG for speech-based BCIs."
Reclaiming AI as a Theoretical Tool for Cognitive Science,2024,NL,"Abstract The idea that human cognition is, or can be understood as, a form of computation is a useful conceptual tool for cognitive science. It was a foundational assumption during the birth of cognitive science as a multidisciplinary field, with Artificial Intelligence (AI) as one of its contributing fields. One conception of AI in this context is as a provider of computational tools (frameworks, concepts, formalisms, models, proofs, simulations, etc.) that support theory building in cognitive science. The contemporary field of AI, however, has taken the theoretical possibility of explaining human cognition as a form of computation to imply the practical feasibility of realising human(-like or -level) cognition in factual computational systems, and the field frames this realisation as a short-term inevitability. Yet, as we formally prove herein, creating systems with human(-like or -level) cognition is intrinsically computationally intractable. This means that any factual AI systems created in the short-run are at best decoys. When we think these systems capture something deep about ourselves and our thinking, we induce distorted and impoverished images of ourselves and our cognition. In other words, AI in current practice is deteriorating our theoretical understanding of cognition rather than advancing and enhancing it. The situation could be remediated by releasing the grip of the currently dominant view on AI and by returning to the idea of AI as a theoretical tool for cognitive science. In reclaiming this older idea of AI, however, it is important not to repeat conceptual mistakes of the past (and present) that brought us to where we are today."
"PROBAST+AI: an updated quality, risk of bias, and applicability assessment tool for prediction models using regression or artificial intelligence methods",2025,NL,"The Prediction model Risk Of Bias ASsessment Tool (PROBAST) is used to assess the quality, risk of bias, and applicability of prediction models or algorithms and of prediction model/algorithm studies. Since PROBAST’s introduction in 2019, much progress has been made in the methodology for prediction modelling and in the use of artificial intelligence, including machine learning, techniques. An update to PROBAST-2019 is thus needed. This article describes the development of PROBAST+AI. PROBAST+AI consists of two distinctive parts: model development and model evaluation. For model development, PROBAST+AI users assess quality and applicability using 16 targeted signalling questions. For model evaluation, PROBAST+AI users assess the risk of bias and applicability using 18 targeted signalling questions. Both parts contain four domains: participants and data sources, predictors, outcome, and analysis. Applicability of the prediction model is rated for the participants and data sources, predictors, and outcome domains. PROBAST+AI may replace the original PROBAST tool and allows all key stakeholders (eg, model developers, AI companies, researchers, editors, reviewers, healthcare professionals, guideline developers, and policy organisations) to examine the quality, risk of bias, and applicability of any type of prediction model in the healthcare sector, irrespective of whether regression modelling or AI techniques are used."
"Microclimate, an important part of ecology and biogeography",2024,FI,"Abstract Brief introduction: What are microclimates and why are they important? Microclimate science has developed into a global discipline. Microclimate science is increasingly used to understand and mitigate climate and biodiversity shifts. Here, we provide an overview of the current status of microclimate ecology and biogeography in terrestrial ecosystems, and where this field is heading next. Microclimate investigations in ecology and biogeography We highlight the latest research on interactions between microclimates and organisms, including how microclimates influence individuals, and through them populations, communities and entire ecosystems and their processes. We also briefly discuss recent research on how organisms shape microclimates from the tropics to the poles. Microclimate applications in ecosystem management Microclimates are also important in ecosystem management under climate change. We showcase new research in microclimate management with examples from biodiversity conservation, forestry and urban ecology. We discuss the importance of microrefugia in conservation and how to promote microclimate heterogeneity. Methods for microclimate science We showcase the recent advances in data acquisition, such as novel field sensors and remote sensing methods. We discuss microclimate modelling, mapping and data processing, including accessibility of modelling tools, advantages of mechanistic and statistical modelling and solutions for computational challenges that have pushed the state‐of‐the‐art of the field. What's next? We identify major knowledge gaps that need to be filled for further advancing microclimate investigations, applications and methods. These gaps include spatiotemporal scaling of microclimate data, mismatches between macroclimate and microclimate in predicting responses of organisms to climate change, and the need for more evidence on the outcomes of microclimate management."
A systematic review and multivariate meta-analysis of the physical and mental health benefits of touch interventions,2024,NL,"Receiving touch is of critical importance, as many studies have shown that touch promotes mental and physical well-being. We conducted a pre-registered (PROSPERO: CRD42022304281) systematic review and multilevel meta-analysis encompassing 137 studies in the meta-analysis and 75 additional studies in the systematic review (n = 12,966 individuals, search via Google Scholar, PubMed and Web of Science until 1 October 2022) to identify critical factors moderating touch intervention efficacy. Included studies always featured a touch versus no touch control intervention with diverse health outcomes as dependent variables. Risk of bias was assessed via small study, randomization, sequencing, performance and attrition bias. Touch interventions were especially effective in regulating cortisol levels (Hedges' g = 0.78, 95% confidence interval (CI) 0.24 to 1.31) and increasing weight (0.65, 95% CI 0.37 to 0.94) in newborns as well as in reducing pain (0.69, 95% CI 0.48 to 0.89), feelings of depression (0.59, 95% CI 0.40 to 0.78) and state (0.64, 95% CI 0.44 to 0.84) or trait anxiety (0.59, 95% CI 0.40 to 0.77) for adults. Comparing touch interventions involving objects or robots resulted in similar physical (0.56, 95% CI 0.24 to 0.88 versus 0.51, 95% CI 0.38 to 0.64) but lower mental health benefits (0.34, 95% CI 0.19 to 0.49 versus 0.58, 95% CI 0.43 to 0.73). Adult clinical cohorts profited more strongly in mental health domains compared with healthy individuals (0.63, 95% CI 0.46 to 0.80 versus 0.37, 95% CI 0.20 to 0.55). We found no difference in health benefits in adults when comparing touch applied by a familiar person or a health care professional (0.51, 95% CI 0.29 to 0.73 versus 0.50, 95% CI 0.38 to 0.61), but parental touch was more beneficial in newborns (0.69, 95% CI 0.50 to 0.88 versus 0.39, 95% CI 0.18 to 0.61). Small but significant small study bias and the impossibility to blind experimental conditions need to be considered. Leveraging factors that influence touch intervention efficacy will help maximize the benefits of future interventions and focus research in this field."
State of the science: Eye movement desensitization and reprocessing (EMDR) therapy,2024,NL,"Eye movement desensitization and reprocessing (EMDR) therapy is an evidence-based psychotherapy for posttraumatic stress disorder (PTSD), with support from more than 30 published randomized controlled trials (RCTs) demonstrating its effectiveness in both adults and children. Most international clinical practice guidelines recommend EMDR therapy as a first-line treatment for PTSD. This paper describes the current state of the evidence for EMDR therapy. We begin with a brief description of EMDR therapy and its theoretical framework. Next, we summarize the scientific support for its efficacy, effectiveness, and safety and discuss its applicability across cultures and with diverse populations. We conclude with suggestions for future directions to develop the research base and applications of EMDR therapy."
Equity and modeling in sustainability science: Examples and opportunities throughout the process,2024,CA,"Equity is core to sustainability, but current interventions to enhance sustainability often fall short in adequately addressing this linkage. Models are important tools for informing action, and their development and use present opportunities to center equity in process and outcomes. This Perspective highlights progress in integrating equity into systems modeling in sustainability science, as well as key challenges, tensions, and future directions. We present a conceptual framework for equity in systems modeling, focused on its distributional, procedural, and recognitional dimensions. We discuss examples of how modelers engage with these different dimensions throughout the modeling process and from across a range of modeling approaches and topics, including water resources, energy systems, air quality, and conservation. Synthesizing across these examples, we identify significant advances in enhancing procedural and recognitional equity by reframing models as tools to explore pluralism in worldviews and knowledge systems; enabling models to better represent distributional inequity through new computational techniques and data sources; investigating the dynamics that can drive inequities by linking different modeling approaches; and developing more nuanced metrics for assessing equity outcomes. We also identify important future directions, such as an increased focus on using models to identify pathways to transform underlying conditions that lead to inequities and move toward desired futures. By looking at examples across the diverse fields within sustainability science, we argue that there are valuable opportunities for mutual learning on how to use models more effectively as tools to support sustainable and equitable futures."
Changes in prevalence and incidence of dementia and risk factors for dementia: an analysis from cohort studies,2024,GB,"BACKGROUND: Some cohort studies have reported a decline in dementia prevalence and incidence over time, although these findings have not been consistent across studies. We reviewed evidence on changes in dementia prevalence and incidence over time using published population-based cohort studies that had used consistent methods with each wave and aimed to quantify associated changes in risk factors over time using population attributable fractions (PAFs). METHODS: We searched for systematic reviews of cohort studies examining changes in dementia prevalence or incidence over time. We searched PubMed for publications from database inception up to Jan 12, 2023, using the search terms ""systematic review"" AND ""dementia"" AND (""prevalence"" OR ""incidence""), with no language restrictions. We repeated this search on March 28, 2024. From eligible systematic reviews, we searched the references and selected peer-reviewed publications about cohort studies where dementia prevalence or incidence was measured in the same geographical location, at a minimum of two timepoints, and that reported age-standardised prevalence or incidence of dementia. Additionally, data had to be from population-based samples, in which participants' cognitive status was assessed and where validated criteria were used to diagnose dementia. We extracted summary-level data from each paper about dementia risk factors, contacting authors when such data were not available in the published paper, and calculated PAFs for each risk factor at all available timepoints. Where possible, we linked changes in dementia prevalence or incidence with changes in the prevalence of risk factors. FINDINGS: We identified 1925 records in our initial search, of which five eligible systematic reviews were identified. Within these systematic reviews, we identified 71 potentially eligible primary papers, of which 27 were included in our analysis. 13 (48%) of 27 primary papers reported change in prevalence of dementia, ten (37%) reported change in incidence of dementia, and four (15%) reported change in both incidence and prevalence of dementia. Studies reporting change in dementia incidence over time in Europe (n=5) and the USA (n=5) consistently reported a declining incidence in dementia. One study from Japan reported an increase in dementia prevalence and incidence and a stable incidence was reported in one study from Nigeria. Overall, across studies, the PAFs for less education or smoking, or both, generally declined over time, whereas PAFs for obesity, hypertension, and diabetes generally increased. The decrease in PAFs for less education and smoking was associated with a decline in the incidence of dementia in the Framingham study (Framingham, MA, USA, 1997-2013), the only study with sufficient data to allow analysis. INTERPRETATION: Our findings suggest that lifestyle interventions such as compulsory education and reducing rates of smoking through country-level policy changes could be associated with an observed reduction, and therefore future reduction, in the incidence of dementia. More studies are needed in low-income and middle-income countries, where the burden of dementia is highest, and continues to increase. FUNDING: National Institute for Health and Care Research Three Schools' Dementia Research Programme."
Generating Synthetic Data for Medical Imaging,2024,US,"Artificial intelligence (AI) models for medical imaging tasks, such as classification or segmentation, require large and diverse datasets of images. However, due to privacy and ethical issues, as well as data sharing infrastructure barriers, these datasets are scarce and difficult to assemble. Synthetic medical imaging data generated by AI from existing data could address this challenge by augmenting and anonymizing real imaging data. In addition, synthetic data enable new applications, including modality translation, contrast synthesis, and professional training for radiologists. However, the use of synthetic data also poses technical and ethical challenges. These challenges include ensuring the realism and diversity of the synthesized images while keeping data unidentifiable, evaluating the performance and generalizability of models trained on synthetic data, and high computational costs. Since existing regulations are not sufficient to guarantee the safe and ethical use of synthetic images, it becomes evident that updated laws and more rigorous oversight are needed. Regulatory bodies, physicians, and AI developers should collaborate to develop, maintain, and continually refine best practices for synthetic data. This review aims to provide an overview of the current knowledge of synthetic data in medical imaging and highlights current key challenges in the field to guide future research and development."
AI-teaming: Redefining collaboration in the digital era,2024,CH,"Integrating artificial intelligence (AI) into human teams, forming human-AI teams (HATs), is a rapidly evolving field. This overview examines the complexities of team constellations and dynamics, trust in AI teammates, and shared cognition within HATs. Adding an AI teammate often reduces coordination, communication, and trust. Further, trust in AI tends to decline over time due to initial overestimation of capabilities, impairing teamwork. Despite AI's potential to enhance performance in contexts like chess and medicine, HATs frequently underperform due to poor team cognition and inadequate mutual understanding. Future research must address these issues with interdisciplinary collaboration between computer science and psychology and advance robust theoretical frameworks to realize the full potential of human-AI teaming."
CTAB-GAN+: enhancing tabular data synthesis,2024,DE,"The usage of synthetic data is gaining momentum in part due to the unavailability of original data due to privacy and legal considerations and in part due to its utility as an augmentation to the authentic data. Generative adversarial networks (GANs), a paragon of generative models, initially for images and subsequently for tabular data, has contributed many of the state-of-the-art synthesizers. As GANs improve, the synthesized data increasingly resemble the real data risking to leak privacy. Differential privacy (DP) provides theoretical guarantees on privacy loss but degrades data utility. Striking the best trade-off remains yet a challenging research question. In this study, we propose CTAB-GAN+ a novel conditional tabular GAN. CTAB-GAN+ improves upon state-of-the-art by (i) adding downstream losses to conditional GAN for higher utility synthetic data in both classification and regression domains; (ii) using Wasserstein loss with gradient penalty for better training convergence; (iii) introducing novel encoders targeting mixed continuous-categorical variables and variables with unbalanced or skewed data; and (iv) training with DP stochastic gradient descent to impose strict privacy guarantees. We extensively evaluate CTAB-GAN+ on statistical similarity and machine learning utility against state-of-the-art tabular GANs. The results show that CTAB-GAN+ synthesizes privacy-preserving data with at least 21.9% higher machine learning utility (i.e., F1-Score) across multiple datasets and learning tasks under given privacy budget."
Robustness and reproducibility for AI learning in biomedical sciences: RENOIR,2024,GB,"Artificial intelligence (AI) techniques are increasingly applied across various domains, favoured by the growing acquisition and public availability of large, complex datasets. Despite this trend, AI publications often suffer from lack of reproducibility and poor generalisation of findings, undermining scientific value and contributing to global research waste. To address these issues and focusing on the learning aspect of the AI field, we present RENOIR (REpeated random sampliNg fOr machIne leaRning), a modular open-source platform for robust and reproducible machine learning (ML) analysis. RENOIR adopts standardised pipelines for model training and testing, introducing elements of novelty, such as the dependence of the performance of the algorithm on the sample size. Additionally, RENOIR offers automated generation of transparent and usable reports, aiming to enhance the quality and reproducibility of AI studies. To demonstrate the versatility of our tool, we applied it to benchmark datasets from health, computer science, and STEM (Science, Technology, Engineering, and Mathematics) domains. Furthermore, we showcase RENOIR's successful application in recently published studies, where it identified classifiers for SET2D and TP53 mutation status in cancer. Finally, we present a use case where RENOIR was employed to address a significant pharmacological challenge-predicting drug efficacy. RENOIR is freely available at https://github.com/alebarberis/renoir ."
MedShapeNet – a large-scale dataset of 3D medical shapes for computer vision,2024,AT,"OBJECTIVES: The shape is commonly used to describe the objects. State-of-the-art algorithms in medical imaging are predominantly diverging from computer vision, where voxel grids, meshes, point clouds, and implicit surface models are used. This is seen from the growing popularity of ShapeNet (51,300 models) and Princeton ModelNet (127,915 models). However, a large collection of anatomical shapes (e.g., bones, organs, vessels) and 3D models of surgical instruments is missing. METHODS: We present MedShapeNet to translate data-driven vision algorithms to medical applications and to adapt state-of-the-art vision algorithms to medical problems. As a unique feature, we directly model the majority of shapes on the imaging data of real patients. We present use cases in classifying brain tumors, skull reconstructions, multi-class anatomy completion, education, and 3D printing. RESULTS: By now, MedShapeNet includes 23 datasets with more than 100,000 shapes that are paired with annotations (ground truth). Our data is freely accessible via a web interface and a Python application programming interface and can be used for discriminative, reconstructive, and variational benchmarks as well as various applications in virtual, augmented, or mixed reality, and 3D printing. CONCLUSIONS: MedShapeNet contains medical shapes from anatomy and surgical instruments and will continue to collect data for benchmarks and applications. The project page is: https://medshapenet.ikim.nrw/."
Human-AI collaboration patterns in AI-assisted academic writing,2024,FI,"Artificial Intelligence (AI) has increasingly influenced higher education, notably in academic writing where AI-powered assisting tools offer both opportunities and challenges.Recently, the rapid growth of generative AI (GAI) has brought its impacts into sharper focus, yet the dynamics of its utilisation in academic writing remain largely unexplored.This paper focuses on examining the nature of human-AI interactions in academic writing, specifically investigating the strategies doctoral students employ when collaborating with a GAI-powered assisting tool.This study involves 626 recorded activities on how ten doctoral students interact with GAI-powered assisting tool during academic writing.AIdriven learning analytics approach was adopted for three layered analyses: (1) data pre-processing and analysis with quantitative content analysis, (2) sequence analysis with Hidden Markov Model (HMM) and hierarchical sequence clustering, and (3) pattern analysis with process mining.Findings indicate that doctoral students engaging in iterative, highly interactive processes with the GAI-powered assisting tool generally achieve better performance in the writing task.In contrast, those who use GAI merely as a supplementary information source, maintaining a linear writing approach, tend to get lower writing performance.This study points to the need for further investigations into human-AI collaboration in learning in higher education, with implications for tailored educational strategies and solutions."
More-than-Human Perspectives in Human-Computer Interaction Research: A Scoping Review,2024,DK,"More-than-human perspectives are gaining ground in human-computer interaction (HCI) research, but there is not yet any shared understanding in the community of what it entails. In this paper, we present the results from a scoping review on emerging more-than-human perspectives in HCI research. Based on a search focusing on the main concept in the ACM Digital Library, and the analysis of 40 papers in the final corpus, we outline the current status of various motivations, approaches and practices addressing more-than-human perspectives in HCI research. The contribution is a snapshot of the field, illustrated by examples, a discussion focused on the role of design within the current landscape of more-than-human perspectives in HCI research, and directions for moving the field forward."
LiDAR Data Fusion to Improve Forest Attribute Estimates: A Review,2024,IT,"Abstract Purpose of the Review Many LiDAR remote sensing studies over the past decade promised data fusion as a potential avenue to increase accuracy, spatial-temporal resolution, and information extraction in the final data products. Here, we performed a structured literature review to analyze relevant studies on these topics published in the last decade and the main motivations and applications for fusion, and the methods used. We discuss the findings with a panel of experts and report important lessons, main challenges, and future directions. Recent Findings LiDAR fusion with other datasets, including multispectral, hyperspectral, and radar, is found to be useful for a variety of applications in the literature, both at individual tree level and at area level, for tree/crown segmentation, aboveground biomass assessments, canopy height, tree species identification, structural parameters, and fuel load assessments etc. In most cases, gains are achieved in improving the accuracy (e.g. better tree species classifications), and spatial-temporal resolution (e.g. for canopy height). However, questions remain regarding whether the marginal improvements reported in a range of studies are worth the extra investment, specifically from an operational point of view. We also provide a clear definition of “data fusion” to inform the scientific community on data fusion, combination, and integration. Summary This review provides a positive outlook for LiDAR fusion applications in the decade to come, while raising questions about the trade-off between benefits versus the time and effort needed for collecting and combining multiple datasets."
Artificial intelligence for modeling and understanding extreme weather and climate events,2025,ES,"In recent years, artificial intelligence (AI) has deeply impacted various fields, including Earth system sciences, by improving weather forecasting, model emulation, parameter estimation, and the prediction of extreme events. The latter comes with specific challenges, such as developing accurate predictors from noisy, heterogeneous, small sample sizes and data with limited annotations. This paper reviews how AI is being used to analyze extreme climate events (like floods, droughts, wildfires, and heatwaves), highlighting the importance of creating accurate, transparent, and reliable AI models. We discuss the hurdles of dealing with limited data, integrating real-time information, and deploying understandable models, all crucial steps for gaining stakeholder trust and meeting regulatory needs. We provide an overview of how AI can help identify and explain extreme events more effectively, improving disaster response and communication. We emphasize the need for collaboration across different fields to create AI solutions that are practical, understandable, and trustworthy to enhance disaster readiness and risk reduction. Artificial Intelligence is transforming the study of extreme climate events like floods, droughts, and wildfires, helping to overcome challenges such as limited data and real-time integration. This review article highlights the need for transparent, reliable AI models to improve disaster response, risk communication and stakeholder trust."
IEA International Computer and Information Literacy Study 2023,2024,NL,This open-access book presents the conceptual and operational foundations of the IEA International Computer and Information Literacy Study (2023).
Privacy in consumer wearable technologies: a living systematic analysis of data policies across leading manufacturers,2025,IE,"Abstract The widespread adoption of consumer wearable devices has enabled continuous biometric data collection at an unprecedented scale, raising important questions about data privacy, security, and user rights. In this study, we systematically evaluated the privacy policies of 17 leading wearable technology manufacturers using a novel rubric comprising 24 criteria across seven dimensions: transparency, data collection purposes, data minimization, user control and rights, third-party data sharing, data security, and breach notification. High Risk ratings were most frequent for transparency reporting (76%) and vulnerability disclosure (65%), while Low Risk ratings were common for identity policy (94%) and data access (71%). Xiaomi, Wyze, and Huawei had the highest cumulative risk scores, whereas Google, Apple, and Polar ranked lowest. Our findings highlight inconsistencies in data governance across the industry and underscore the need for stronger, sector-specific privacy standards. This living review will track ongoing policy changes and promote accountability in this rapidly evolving domain."
Open Science,2024,DE,Alexander Maedche
"Beyond the Prompt: Student Strategies, Ethical Reflections, and Learning with ChatGPT in Computer Science",2025,GB,"Abstract This study explores how undergraduate computer science students critically evaluate, strategically engage with, and ethically reflect on their use of ChatGPT during programming tasks. Drawing on data from 21 students who completed five Java-based activities, maintained weekly reflective journals over four weeks, and participated in semi-structured interviews, the research offers a short-term longitudinal qualitative study perspective on student–AI interaction. Findings reveal that students evolved from passive users to active co-creators, developing increasingly refined prompting strategies and critically assessing AI-generated outputs. While most students viewed ChatGPT as a valuable learning companion, particularly for code structuring, debugging, and explanation, they also identified limitations, such as generic responses, overreliance, and concerns around authorship and data privacy. Students with disabilities highlighted ChatGPT’s accessibility benefits, raising important questions about equitable AI policy in higher education. The study proposes a framework for the pedagogical and institutional integration of GenAI tools that balances personalised support with ethical and critical engagement. Implications are offered for computing educators, curriculum designers, and policymakers seeking to embed AI responsibly in computer science education."
"fNIRS reproducibility varies with data quality, analysis pipelines, and researcher experience",2025,US,"As data analysis pipelines grow more complex in brain imaging research, understanding how methodological choices affect results is essential for ensuring reproducibility and transparency. This is especially relevant for functional Near-Infrared Spectroscopy (fNIRS), a rapidly growing technique for assessing brain function in naturalistic settings and across the lifespan, yet one that still lacks standardized analysis approaches. In the fNIRS Reproducibility Study Hub (FRESH) initiative, we asked 38 research teams worldwide to independently analyze the same two fNIRS datasets. Despite using different pipelines, nearly 80% of teams agreed on group-level results, particularly when hypotheses were strongly supported by literature. Teams with higher self-reported analysis confidence, which correlated with years of fNIRS experience, showed greater agreement. At the individual level, agreement was lower but improved with better data quality. The main sources of variability were related to how poor-quality data were handled, how responses were modeled, and how statistical analyses were conducted. These findings suggest that while flexible analytical tools are valuable, clearer methodological and reporting standards could greatly enhance reproducibility. By identifying key drivers of variability, this study highlights current challenges and offers direction for improving transparency and reliability in fNIRS research."
Research funding in different SCI disciplines: A comparison analysis based on Web of Science,2024,CN,"Abstract To provide valuable insights for shaping future funding policies, in this study, we offer a comprehensive panorama of the research funding across 171 SCI disciplines in the decade 2011–2020, based on more than 13 million scientific literature records from the Web of Science. The relationship between funding and research impact is also explored. To this end, we employ two indicators: the universality and multiplicity of funding, to indicate the funding level and six indicators to gauge the impact advantages of funding. Our findings reveal an upward trend in both the universality (increasing from 66.30% to 74.26%) and multiplicity (increasing from 2.82 to 3.26) of funding over the decade concerned. The allocation of funding varies across disciplines, with life sciences and earth sciences receiving the highest percentage of funding (78.31%) and medicine having the highest multiplicity of funding (3.07). Engineering and computer science have seen relatively rapid growth in terms of universality and multiplicity of funding. Funded articles have a greater impact than unfunded ones. And this impact strengthens as the number of funding grants increases. Through regression analysis, the citation advantage of funding is also proven at the article level, although the usage advantage is not significant."
Artificial intelligence enabled product–service innovation: past achievements and future directions,2024,FI,"Abstract This study intends to scrutinize the role of Artificial Intelligence (AI) in Product-Service Innovation (PSI). The literature on AI enabled PSI, other related innovation business models, product-service systems, and servitization has grown significantly since 2018; therefore, there is a need to structure the literature in a systematic manner and add to what has been studied thus far. Product-service innovation is used to represent the relevance of achieving innovation in business models dealing with innovation outcomes including artificial intelligence. This study used bibliographic coupling to analyze 159 articles emerging from the fields of computer sciences, engineering, social sciences, decision sciences, and management. This review depicts structures of the literature comprising five (5) clusters, namely, (1) technology adoption and transformational barriers, which depicts the barriers faced during the adoption of AI-enabled technologies and following transformation; (2) data-driven capabilities and innovation, which highlights the data-based capabilities supported through AI and innovation; (3) digitally enabled business model innovation, which explained how AI-enabled business model innovation occurs; (4) smart design changes and sustainability, which reveals the working of AI in product service environments with different design changes and transformations based on sustainability; and (5) sectorial application, which highlights industry examples. Each cluster is comprehensively analyzed based on its contents, including central themes, models, theories, and methodologies, which help to identify the gaps and support suggestions for future research directions."
"Automating the practice of science: Opportunities, challenges, and implications",2025,DE,"Automation transformed various aspects of our human civilization, revolutionizing industries and streamlining processes. In the domain of scientific inquiry, automated approaches emerged as powerful tools, holding promise for accelerating discovery, enhancing reproducibility, and overcoming the traditional impediments to scientific progress. This article evaluates the scope of automation within scientific practice and assesses recent approaches. Furthermore, it discusses different perspectives to the following questions: where do the greatest opportunities lie for automation in scientific practice?; What are the current bottlenecks of automating scientific practice?; and What are significant ethical and practical consequences of automating scientific practice? By discussing the motivations behind automated science, analyzing the hurdles encountered, and examining its implications, this article invites researchers, policymakers, and stakeholders to navigate the rapidly evolving frontier of automated scientific practice."
"Understanding Physics-Informed Neural Networks: Techniques, Applications, Trends, and Challenges",2024,FI,"Physics-informed neural networks (PINNs) represent a significant advancement at the intersection of machine learning and physical sciences, offering a powerful framework for solving complex problems governed by physical laws. This survey provides a comprehensive review of the current state of research on PINNs, highlighting their unique methodologies, applications, challenges, and future directions. We begin by introducing the fundamental concepts underlying neural networks and the motivation for integrating physics-based constraints. We then explore various PINN architectures and techniques for incorporating physical laws into neural network training, including approaches to solving partial differential equations (PDEs) and ordinary differential equations (ODEs). Additionally, we discuss the primary challenges faced in developing and applying PINNs, such as computational complexity, data scarcity, and the integration of complex physical laws. Finally, we identify promising future research directions. Overall, this survey seeks to provide a foundational understanding of PINNs within this rapidly evolving field."
"CellTracksColab is a platform that enables compilation, analysis, and exploration of cell tracking data",2024,PT,"In life sciences, tracking objects from movies enables researchers to quantify the behavior of single particles, organelles, bacteria, cells, and even whole animals. While numerous tools now allow automated tracking from video, a significant challenge persists in compiling, analyzing, and exploring the large datasets generated by these approaches. Here, we introduce CellTracksColab, a platform tailored to simplify the exploration and analysis of cell tracking data. CellTracksColab facilitates the compiling and analysis of results across multiple fields of view, conditions, and repeats, ensuring a holistic dataset overview. CellTracksColab also harnesses the power of high-dimensional data reduction and clustering, enabling researchers to identify distinct behavioral patterns and trends without bias. Finally, CellTracksColab also includes specialized analysis modules enabling spatial analyses (clustering, proximity to specific regions of interest). We demonstrate CellTracksColab capabilities with 3 use cases, including T cells and cancer cell migration, as well as filopodia dynamics. CellTracksColab is available for the broader scientific community at https://github.com/CellMigrationLab/CellTracksColab."
Open science in agricultural economics,2024,CH,"Abstract We provide a ‘big picture’ of what Open Science is and what benefits, limitations, and risks it entails for agricultural economists. We show that Open Science comprises various aspects, such as the accessibility of science, transparency of scientific processes, open and findable, accessible, interoperable, and reusable (FAIR) research data and code, and openness in teaching and education. We identify potential benefits of Open Science for individual researchers and the public, as well as adoption barriers. We highlight that public benefits of a widespread uptake of Open Science practices still remain unexplored. We share best practice examples for key aspects of agricultural economic research, i.e. primary data collection and analysis, optimization and simulation models, use of replication packages, and an Open Science Community. Assessing the author guidelines of twelve agricultural economics journals for their Open Science practices, we find that data citation and transparency are considered important in many journals already, whereas replication, pre-registration, or results-blind reviews are encouraged but rarely enforced. It also becomes evident that the journals differ in terms of how strictly they enforce their open science guidelines. We close by providing recommendations for researchers, journal editors, policymakers, universities, research institutes, and funding agencies to better align public benefits with private incentives."
Process science: the interdisciplinary study of socio-technical change,2024,IE,"Abstract Process science is the interdisciplinary study of socio-technical processes. Socio-technical processes involve coherent series of changes over time, entailing actions and events that include humans and digital technologies. The ubiquitous availability of digital trace data, combined with advanced data analytics capabilities, offer new and unprecedented opportunities to study such processes through multiple data sources. Process science is concerned with describing, explaining, and intervening in socio-technical change. It is based on four key principles; it (1) puts socio-technical processes at the center of attention, (2) investigates socio-technical processes scientifically, (3) embraces perspectives of multiple disciplines, and (4) aims to create impact by actively shaping the unfolding of socio-technical processes."
Enhancing the effectiveness of interprofessional education in health science education: a state-of-the-art review,2024,NL,"BACKGROUND: In order to foster effective collaboration and improve healthcare outcomes, students from multiple health professions engage in interprofessional education (IPE), learning together and from each other. Existing literature explores the effectiveness of IPE within health sciences but presents varied findings. The purpose of this study is to The effectiveness of IPE is defined as the four levels of training evaluation delineated by Kirkpatrick: reaction, learning, behavior, and results. Affecting factors are defined as elements directly influencing IPE effectiveness, while intermediating factors are influenced by these affecting factors, subsequently impacting overall IPE effectiveness. METHODS: A state-of-the-art review was conducted using medical databases PubMed, MEDLINE, PsycINFO, Web of Science, and Scopus. Search terms included: (interprofessional learning) OR (interprofessional education) AND (higher education) within the time frame of 2017 to 2022. The methodological quality of the included studies was assessed using Joanna Briggs Institute checklists for quasi-experimental and qualitative studies. Study features were evaluated using a coding scheme, and qualitative analysis of the included studies was performed. RESULTS: Fifty-four studies met the inclusion criteria after screening. Qualitative analysis revealed four affecting factors: 1) Community-based learning approach, 2) Problem-based learning approach, 3) Experiential learning approach, and 4) Technology-based learning approach. Intermediating factors included student and team characteristics, such as boundary crossing, team leadership, readiness, educational discipline and background, and interprofessional attitudes. Additionally, educational design characteristics, like intervention duration, facilitation, and authenticity of learning experiences, served as intermediating factors. Organizational characteristics, such as organizational culture and logistics, were identified as further intermediating factors. CONCLUSION: This study provides insight on factors affecting and intermediating IPE effectiveness, vital in the design of IPE programs. Based on the findings we formulated six practical tips to enhance IPE effectiveness."
microbeMASST: a taxonomically informed mass spectrometry search tool for microbial metabolomics data,2024,US,"microbeMASST, a taxonomically informed mass spectrometry (MS) search tool, tackles limited microbial metabolite annotation in untargeted metabolomics experiments. Leveraging a curated database of >60,000 microbial monocultures, users can search known and unknown MS/MS spectra and link them to their respective microbial producers via MS/MS fragmentation patterns. Identification of microbe-derived metabolites and relative producers without a priori knowledge will vastly enhance the understanding of microorganisms' role in ecology and human health."
Getting the Data in Shape for Your Process Mining Analysis: An In-Depth Analysis of the Pre-Analysis Stage,2025,BE,"Process mining enables organizations to analyze the data stored in their information systems and derive insights regarding their business processes. However, raw data needs to be converted into a format that can be fed into process mining algorithms. Various pre-analysis activities can be performed on the raw data, such as imperfection removal or granularity level change. Although pre-analysis activities play a crucial role in process mining, there is currently a limited overview available regarding their scope and the extent of their examination. This study presents a systematic literature review of the pre-analysis activities in process mining projects. To better understand this stage and its current state of research, we explore which activities constitute the pre-analysis stage, their goals, the applied research methodologies, the proposed research outcomes, and the data used to evaluate the research outcomes. We identify 15 pre-analysis activities and concepts, e.g., data extraction, generation, and cleaning. We also discover that design science research is the methodology and methods are the primary research outcome in previous studies. We also realize that the proposed outcomes have been evaluated using only real-life data most of the time. This study reveals that research on pre-analysis is a growing field of interest in process mining."
"Discourse, framing and narrative: three ways of doing critical, interpretive policy analysis",2024,NL,"Three decades after the argumentative turn in policy analysis and planning, interpretive approaches have become part of mainstream policy analysis. Increasingly, researchers work within these traditions. Researchers new to these approaches might struggle to make conceptual and methodological choices. We therefore compare three prominent interpretive approaches: discourse analysis, framing analysis and narrative analysis. Discourse analysis is the study of hegemonic, dominant and recessive discursive structures. It explores how power is embedded in language and (re)produces dominant social structures. Framing analysis involves studying processes of meaning construction. It explores what elements of reality are strategically or tacitly foregrounded or backgrounded in conversations and text, and how this includes and excludes voices, ideas and interests in policy and decision-making. Narrative analysis investigates the work of storytelling. It explores how people make sense of events through the selection and connection of story elements: events, settings and characters. These approaches share ontological and epistemological starting points, but offer different results. In this paper, we show what they each contribute to critical policy analysis and develop a heuristic for selecting or combining approaches. We give a renewed entry point for interpretive work and contribute to dialogs on commonalities and differences between approaches."
Computing education using generative artificial intelligence tools: A systematic literature review,2025,US,"Recent advances in generative artificial intelligence (GenAI) are revolutionizing computing education, causing paradigm shifts from the traditional teaching and learning technique. Studies are exploring GenAI tools in computing classes from intro to advanced topics with the aim to showcase how to reshape computing education in this new era of GenAI. This study examined the computing education research landscape to unravel how GenAI tools have been used in that domain, what are the characteristics of those studies in terms of computing topics, context, and tools, offering insights into the pros and cons for integrating GenAI in computing education based on the performance indicators reported in the literature. This study employed a systematic literature review approach to identify and analyze 78 relevant articles. The findings of this study show that educators are exploring GenAI tools in computer sciences classes from K-12 through graduate levels. Beyond programming education, GenAI has also been explored in college upper-level computer science courses such as Computer Graphics and Human-Computer Interaction. The performance analysis of these tools are presented in this study, indicating a progressive advancement from when the technology was introduced. This study also discusses learning outcomes, good practices, and potential risks to avoid when exploring GenAI, as reported in the studies, which could guide how computing educators design their instructional strategies using GenAI. This study contributes to broadening the understanding of exploring, adapting, or using GenAI in computer science education and may spark interest among educators who are unwilling to explore GenAI or may not understand how or what strategies to adopt."
Global meta-analysis shows action is needed to halt genetic diversity loss,2025,AU,", we need to understand relationships between threats, conservation management and genetic diversity change. Here we conduct a global analysis of genetic diversity change via meta-analysis of all available temporal measures of genetic diversity from more than three decades of research. We show that within-population genetic diversity is being lost over timescales likely to have been impacted by human activities, and that some conservation actions may mitigate this loss. Our dataset includes 628 species (animals, plants, fungi and chromists) across all terrestrial and most marine realms on Earth. Threats impacted two-thirds of the populations that we analysed, and less than half of the populations analysed received conservation management. Genetic diversity loss occurs globally and is a realistic prediction for many species, especially birds and mammals, in the face of threats such as land use change, disease, abiotic natural phenomena and harvesting or harassment. Conservation strategies designed to improve environmental conditions, increase population growth rates and introduce new individuals (for example, restoring connectivity or performing translocations) may maintain or even increase genetic diversity. Our findings underscore the urgent need for active, genetically informed conservation interventions to halt genetic diversity loss."
2024 roadmap on magnetic microscopy techniques and their applications in materials science,2024,DK,"Abstract Considering the growing interest in magnetic materials for unconventional computing, data storage, and sensor applications, there is active research not only on material synthesis but also characterisation of their properties. In addition to structural and integral magnetic characterisations, imaging of magnetisation patterns, current distributions and magnetic fields at nano- and microscale is of major importance to understand the material responses and qualify them for specific applications. In this roadmap, we aim to cover a broad portfolio of techniques to perform nano- and microscale magnetic imaging using superconducting quantum interference devices, spin centre and Hall effect magnetometries, scanning probe microscopies, x-ray- and electron-based methods as well as magnetooptics and nanoscale magnetic resonance imaging. The roadmap is aimed as a single access point of information for experts in the field as well as the young generation of students outlining prospects of the development of magnetic imaging technologies for the upcoming decade with a focus on physics, materials science, and chemistry of planar, three-dimensional and geometrically curved objects of different material classes including two-dimensional materials, complex oxides, semi-metals, multiferroics, skyrmions, antiferromagnets, frustrated magnets, magnetic molecules/nanoparticles, ionic conductors, superconductors, spintronic and spinorbitronic materials."
Formal Methods in Industry,2024,IT,"Formal methods encompass a wide choice of techniques and tools for the specification, development, analysis, and verification of software and hardware systems. Formal methods are widely applied in industry, in activities ranging from the elicitation of requirements and the early design phases all the way to the deployment, configuration, and runtime monitoring of actual systems. Formal methods allow one to precisely specify the environment in which a system operates, the requirements and properties that the system should satisfy, the models of the system used during the various design steps, and the code embedded in the final implementation, as well as to express conformance relations between these specifications. We present a broad scope of successful applications of formal methods in industry, not limited to the well-known success stories from the safety-critical domain, like railways and other transportation systems, but also covering other areas such as lithography manufacturing and cloud security in e-commerce, to name but a few. We also report testimonies from a number of representatives from industry who, either directly or indirectly, use or have used formal methods in their industrial project endeavours. These persons are spread geographically, including Europe, Asia, North and South America, and the involved projects witness the large coverage of applications of formal methods, not limited to the safety-critical domain. We thus make a case for the importance of formal methods, and in particular of the capacity to abstract and mathematical reasoning that are taught as part of any formal methods course. These are fundamental Computer Science skills that graduates should profit from when working as computer scientists in industry, as confirmed by industry representatives."
Current evidence on the efficacy of mental health smartphone apps for symptoms of depression and anxiety. A meta‐analysis of 176 randomized controlled trials,2024,AU,"The mental health care available for depression and anxiety has recently undergone a major technological revolution, with growing interest towards the potential of smartphone apps as a scalable tool to treat these conditions. Since the last comprehensive meta-analysis in 2019 established positive yet variable effects of apps on depressive and anxiety symptoms, more than 100 new randomized controlled trials (RCTs) have been carried out. We conducted an updated meta-analysis with the objectives of providing more precise estimates of effects, quantifying generalizability from this evidence base, and understanding whether major app and trial characteristics moderate effect sizes. We included 176 RCTs that aimed to treat depressive or anxiety symptoms. Apps had overall significant although small effects on symptoms of depression (N=33,567, g=0.28, p<0.001; number needed to treat, NNT=11.5) and generalized anxiety (N=22,394, g=0.26, p<0.001, NNT=12.4) as compared to control groups. These effects were robust at different follow-ups and after removing small sample and higher risk of bias trials. There was less variability in outcome scores at post-test in app compared to control conditions (ratio of variance, RoV=-0.14, 95% CI: -0.24 to -0.05 for depressive symptoms; RoV=-0.21, 95% CI: -0.31 to -0.12 for generalized anxiety symptoms). Effect sizes for depression were significantly larger when apps incorporated cognitive behavioral therapy (CBT) features or included chatbot technology. Effect sizes for anxiety were significantly larger when trials had generalized anxiety as a primary target and administered a CBT app or an app with mood monitoring features. We found evidence of moderate effects of apps on social anxiety (g=0.52) and obsessive-compulsive (g=0.51) symptoms, a small effect on post-traumatic stress symptoms (g=0.12), a large effect on acrophobia symptoms (g=0.90), and a non-significant negative effect on panic symptoms (g=-0.12), although these results should be considered with caution, because most trials had high risk of bias and were based on small sample sizes. We conclude that apps have overall small but significant effects on symptoms of depression and generalized anxiety, and that specific features of apps - such as CBT or mood monitoring features and chatbot technology - are associated with larger effect sizes."
The computational and energy cost of simulation and storage for climate science: lessons from CMIP6,2024,ES,"The Coupled Model Intercomparison Project (CMIP) is one of the biggest international efforts aimed at better understanding the past, present, and future of climate changes in a multi-model context. A total of 21 model intercomparison projects (MIPs) were endorsed in its sixth phase (CMIP6), which included 190 different experiments that were used to simulate 40 000 years and produced around 40 PB of data in total. This paper presents the main findings obtained from the CPMIP (the Computational Performance Model Intercomparison Project), a collection of a common set of metrics, specifically designed for assessing climate model performance. These metrics were exclusively collected from the production runs of experiments used in CMIP6 and primarily from institutions within the IS-ENES3 consortium. The document presents the full set of CPMIP metrics per institution and experiment, including a detailed analysis and discussion of each of the measurements. During the analysis, we found a positive correlation between the core hours needed, the complexity of the models, and the resolution used. Likewise, we show that between 5 %–15 % of the execution cost is spent in the coupling between independent components, and it only gets worse by increasing the number of resources. From the data, it is clear that queue times have a great impact on the actual speed achieved and have a huge variability across different institutions, ranging from none to up to 78 % execution overhead. Furthermore, our evaluation shows that the estimated carbon footprint of running such big simulations within the IS-ENES3 consortium is 1692 t of CO 2 equivalent. As a result of the collection, we contribute to the creation of a comprehensive database for future community reference, establishing a benchmark for evaluation and facilitating the multi-model, multi-platform comparisons crucial for understanding climate modelling performance. Given the diverse range of applications, configurations, and hardware utilised, further work is required for the standardisation and formulation of general rules. The paper concludes with recommendations for future exercises aimed at addressing the encountered challenges which will facilitate more collections of a similar nature."
"The impact of social isolation and loneliness on cardiovascular disease risk factors: a systematic review, meta-analysis, and bibliometric investigation",2024,SA,"Data on the association between social isolation, loneliness, and risk of incident coronary heart disease (CVD) are conflicting. The objective of this study is to determine the relationship between social isolation and loneliness, and the risk of developing cardiovascular disease (CVD) in middle age and elderly using meta-analysis. The purpose of the bibliometric analysis is to systematically evaluate the existing literature on the relationship between social isolation, loneliness, and the risk of developing cardiovascular disease (CVD) in middle-aged and elderly individuals. A comprehensive search through four electronic databases (MEDLINE, Google Scholar, Scopus, and Web of Science) was conducted for published articles that determined the association between social isolation and/or loneliness and the risk of developing coronary heart disease from June 2015 to May 2023. Two independent reviewers reviewed the titles and abstracts of the records. We followed the Preferred Reporting Items for Systematic Reviews and Meta-Analyses guideline to conduct the systematic review and meta-analysis. Data for the bibliometric analysis was obtained from the Scopus database and analyzed using VOSviewer and Bibliometrix applications. Six studies involving 104,511 patients were included in the final qualitative review and meta-analysis after screening the records. The prevalence of loneliness ranged from 5 to 65.3%, and social isolation ranged from 2 to 56.5%. A total of 5073 cardiovascular events were recorded after follow-up, ranging between 4 and 13 years. Poor social relationships were associated with a 16% increase in the risk of incident CVD (Hazard Ratio of new CVD when comparing high versus low loneliness or social isolation was 1.16 (95% Confidence Interval (CI) 1.10-1.22). The bibliometric analysis shows a rapidly growing field (9.77% annual growth) with common collaboration (6.37 co-authors/document, 26.53% international). The US leads research output, followed by the UK and Australia. Top institutions include University College London, Inserm, and the University of Glasgow. Research focuses on ""elderly,"" ""cardiovascular disease,"" and ""psychosocial stress,"" with recent trends in ""mental health,"" ""social determinants,"" and ""COVID-19"". Social isolation and loneliness increase the risk of and worsen outcomes in incident cardiovascular diseases. However, the observed effect estimate is small, and this may be attributable to residual confounding from incomplete measurement of potentially confounding or mediating factors. The results of the bibliometric analysis highlight the multidimensional nature of CVD research, covering factors such as social, psychological, and environmental determinants, as well as their interplay with various demographic and health-related variables."
Productive explanation: A framework for evaluating explanations in psychological science.,2024,NL,"The explanation of psychological phenomena is a central aim of psychological science. However, the nature of explanation and the processes by which we evaluate whether a theory explains a phenomenon are often unclear. Consequently, it is often unknown whether a given psychological theory indeed explains a phenomenon. We address this shortcoming by proposing a productive account of explanation: a theory explains a phenomenon to some degree if and only if a formal model of the theory produces the statistical pattern representing the phenomenon. Using this account, we outline a workable methodology of explanation: (a) explicating a verbal theory into a formal model, (b) representing phenomena as statistical patterns in data, and (c) assessing whether the formal model produces these statistical patterns. In addition, we provide three major criteria for evaluating the goodness of an explanation (precision, robustness, and empirical relevance), and examine some cases of explanatory breakdowns. Finally, we situate our framework within existing theories of explanation from philosophy of science and discuss how our approach contributes to constructing and developing better psychological theories. (PsycInfo Database Record (c) 2025 APA, all rights reserved)."
Postdigital Citizen Science and Humanities: A Theoretical Kaleidoscope,2024,GB,"Abstract This collective article presents a theoretical kaleidoscope, the multiple lenses of which are used to examine and critique citizen science and humanities in postdigital contexts and from postdigital perspectives. It brings together 19 short theoretical and experiential contributions, organised into six loose groups which explore areas and perspectives including Indigenous and local knowledge, technology, and children and young people as citizen researchers. It suggests that this collective approach is appropriate because both postdigital and citizen research are founded on and committed to collaboration, dialogue, and co-creation, as well as challenging the tenets and approaches of traditional academic research. In particular, it suggests that postdigital transformations in contemporary societies are both changing citizen science and humanities and making it more important."
Knowledge brokering at the environmental science-policy interface — examining structure and activity,2024,FI,"The environmental science-policy interface, consisting of dynamic interactions between various actors, is increasingly an object of study. In this interface, new types and kinds of boundary organisations are emerging and new types of knowledge brokering are taking place. Given the increasing calls for more evidence-based policy, it is pertinent to examine what type of SPI can be identified at the national level, how knowledge is brokered in it and how boundary organisations function and are positioned within the network. To do this, we utilise a mixed method approach, combining a survey questionnaire and interviews as data collection methods with social network analysis and qualitative content analysis to examine the national science-policy interface in the environmental domain in Finland. Our results show a centralised network with weak reciprocal links. The network is centred more around knowledge brokers and users than knowledge producers. In this network, knowledge is mainly brokered through media and personal communication, with no single actor group assuming responsibility. The boundary organisation studied here engages in brokering activities and actively creates venues for knowledge brokering. Our findings are in line with previous research, demonstrating the need for further strengthening of not only the structural foundations of the science-policy interface, but also of the actors engaging in knowledge brokering."
Complexity data science: A spin-off from digital twins,2024,FI,"Digital twins offer a new and exciting framework that has recently attracted significant interest in fields such as oncology, immunology, and cardiology. The basic idea of a digital twin is to combine simulation and learning to create a virtual model of a physical object. In this paper, we explore how the concept of digital twins can be generalized into a broader, overarching field. From a theoretical standpoint, this generalization is achieved by recognizing that the duality of a digital twin fundamentally connects complexity science with data science, leading to the emergence of complexity data science as a synthesis of the two. We examine the broader implications of this field, including its historical roots, challenges, and opportunities."
Simulating institutional heterogeneity in sustainability science,2024,US,"Sustainability outcomes are influenced by the laws and configurations of natural and engineered systems as well as activities in socio-economic systems. An important subset of human activity is the creation and implementation of institutions, formal and informal rules shaping a wide range of human behavior. Understanding these rules and codifying them in computational models can provide important missing insights into why systems function the way they do (static) as well as the pace and structure of transitions required to improve sustainability (dynamic). Here, we conduct a comparative synthesis of three modeling approaches- integrated assessment modeling, engineering-economic optimization, and agent-based modeling-with underexplored potential to represent institutions. We first perform modeling experiments on climate mitigation systems that represent specific aspects of heterogeneous institutions, including formal policies and institutional coordination, and informal attitudes and norms. We find measurable but uneven aggregate impacts, while more politically meaningful distributional impacts are large across various actors. Our results show that omitting institutions can influence the costs of climate mitigation and miss opportunities to leverage institutional forces to speed up emissions reduction. These experiments allow us to explore the capacity of each modeling approach to represent insitutions and to lay out a vision for the next frontier of endogenizing institutional change in sustainability science models. To bridge the gap between modeling, theories, and empirical evidence on social institutions, this research agenda calls for joint efforts between sustainability modelers who wish to explore and incorporate institutional detail, and social scientists studying the socio-political and economic foundations for sustainability transitions."
Trust and Acceptance Challenges in the Adoption of AI Applications in Health Care: Quantitative Survey Analysis,2025,FI,"BACKGROUND: Artificial intelligence (AI) has potential to transform health care, but its successful implementation depends on the trust and acceptance of consumers and patients. Understanding the factors that influence attitudes toward AI is crucial for effective adoption. Despite AI's growing integration into health care, consumer and patient acceptance remains a critical challenge. Research has largely focused on applications or attitudes, lacking a comprehensive analysis of how factors, such as demographics, personality traits, technology attitudes, and AI knowledge, affect and interact across different health care AI contexts. OBJECTIVE: We aimed to investigate people's trust in and acceptance of AI across health care use cases and determine how context and perceived risk affect individuals' propensity to trust and accept AI in specific health care scenarios. METHODS: We collected and analyzed web-based survey data from 1100 Finnish participants, presenting them with 8 AI use cases in health care: 5 (62%) noninvasive applications (eg, activity monitoring and mental health support) and 3 (38%) physical interventions (eg, AI-controlled robotic surgery). Respondents evaluated intention to use, trust, and willingness to trade off personal data for these use cases. Gradient boosted tree regression models were trained to predict responses based on 33 demographic-, personality-, and technology-related variables. To interpret the results of our predictive models, we used the Shapley additive explanations method, a game theory-based approach for explaining the output of machine learning models. It quantifies the contribution of each feature to individual predictions, allowing us to determine the relative importance of various demographic-, personality-, and technology-related factors and their interactions in shaping participants' trust in and acceptance of AI in health care. RESULTS: Consumer attitudes toward technology, technology use, and personality traits were the primary drivers of trust and intention to use AI in health care. Use cases were ranked by acceptance, with noninvasive monitors being the most preferred. However, the specific use case had less impact in general than expected. Nonlinear dependencies were observed, including an inverted U-shaped pattern in positivity toward AI based on self-reported AI knowledge. Certain personality traits, such as being more disorganized and careless, were associated with more positive attitudes toward AI in health care. Women seemed more cautious about AI applications in health care than men. CONCLUSIONS: The findings highlight the complex interplay of factors influencing trust and acceptance of AI in health care. Consumer trust and intention to use AI in health care are driven by technology attitudes and use rather than specific use cases. AI service providers should consider demographic factors, personality traits, and technology attitudes when designing and implementing AI systems in health care. The study demonstrates the potential of using predictive AI models as decision-making tools for implementing and interacting with clients in health care AI applications."
"A computer-aided polyp detection system in screening and surveillance colonoscopy: an international, multicentre, randomised, tandem trial",2024,NL,"BACKGROUND: Studies on the effect of computer-aided detection (CAD) in a daily clinical screening and surveillance colonoscopy population practice are scarce. The aim of this study was to evaluate a novel CAD system in a screening and surveillance colonoscopy population. METHODS: This multicentre, randomised, controlled trial was done in ten hospitals in Europe, the USA, and Israel by 31 endoscopists. Patients referred for non-immunochemical faecal occult blood test (iFOBT) screening or surveillance colonoscopy were included. Patients were randomomly assigned to CAD-assisted colonoscopy or conventional colonoscopy; a subset was further randomly assigned to undergo tandem colonoscopy: CAD followed by conventional colonoscopy or conventional colonoscopy followed by CAD. Primary objectives included adenoma per colonoscopy (APC) and adenoma per extraction (APE). Secondary objectives included adenoma miss rate (AMR) in the tandem colonoscopies. The study was registered at ClinicalTrials.gov, NCT04640792. FINDINGS: A total of 916 patients were included in the modified intention-to-treat analysis: 449 in the CAD group and 467 in the conventional colonoscopy group. APC was higher with CAD compared with conventional colonoscopy (0·70 vs 0·51, p=0·015; 314 adenomas per 449 colonoscopies vs 238 adenomas per 467 colonoscopies; poisson effect ratio 1·372 [95% CI 1·068-1·769]), while showing non-inferiority of APE compared with conventional colonoscopy (0·59 vs 0·66; p<0·001 for non-inferiority; 314 of 536 extractions vs 238 of 360 extractions). AMR in the 127 (61 with CAD first, 66 with conventional colonoscopy first) patients completing tandem colonoscopy was 19% (11 of 59 detected during the second pass) in the CAD first group and 36% (16 of 45 detected during the second pass) in the conventional colonoscopy first group (p=0·024). INTERPRETATION: CAD increased adenoma detection in non-iFOBT screening and surveillance colonoscopies and reduced adenoma miss rates compared with conventional colonoscopy, without an increase in the resection of non-adenomatous lesions. FUNDING: Magentiq Eye."
High-Resolution Mass Spectrometry for Human Exposomics: Expanding Chemical Space Coverage,2024,US,"In the modern ""omics"" era, measurement of the human exposome is a critical missing link between genetic drivers and disease outcomes. High-resolution mass spectrometry (HRMS), routinely used in proteomics and metabolomics, has emerged as a leading technology to broadly profile chemical exposure agents and related biomolecules for accurate mass measurement, high sensitivity, rapid data acquisition, and increased resolution of chemical space. Non-targeted approaches are increasingly accessible, supporting a shift from conventional hypothesis-driven, quantitation-centric targeted analyses toward data-driven, hypothesis-generating chemical exposome-wide profiling. However, HRMS-based exposomics encounters unique challenges. New analytical and computational infrastructures are needed to expand the analysis coverage through streamlined, scalable, and harmonized workflows and data pipelines that permit longitudinal chemical exposome tracking, retrospective validation, and multi-omics integration for meaningful health-oriented inferences. In this article, we survey the literature on state-of-the-art HRMS-based technologies, review current analytical workflows and informatic pipelines, and provide an up-to-date reference on exposomic approaches for chemists, toxicologists, epidemiologists, care providers, and stakeholders in health sciences and medicine. We propose efforts to benchmark fit-for-purpose platforms for expanding coverage of chemical space, including gas/liquid chromatography-HRMS (GC-HRMS and LC-HRMS), and discuss opportunities, challenges, and strategies to advance the burgeoning field of the exposome."
Automatic data augmentation to improve generalization of deep learning in H&E stained histopathology,2024,NL,"In histopathology practice, scanners, tissue processing, staining, and image acquisition protocols vary from center to center, resulting in subtle variations in images. Vanilla convolutional neural networks are sensitive to such domain shifts. Data augmentation is a popular way to improve domain generalization. Currently, state-of-the-art domain generalization in computational pathology is achieved using a manually curated set of augmentation transforms. However, manual tuning of augmentation parameters is time-consuming and can lead to sub-optimal generalization performance. Meta-learning frameworks can provide efficient ways to find optimal training hyper-parameters, including data augmentation. In this study, we hypothesize that an automated search of augmentation hyper-parameters can provide superior generalization performance and reduce experimental optimization time. We select four state-of-the-art automatic augmentation methods from general computer vision and investigate their capacity to improve domain generalization in histopathology. We analyze their performance on data from 25 centers across two different tasks: tumor metastasis detection in lymph nodes and breast cancer tissue type classification. On tumor metastasis detection, most automatic augmentation methods achieve comparable performance to state-of-the-art manual augmentation. On breast cancer tissue type classification, the leading automatic augmentation method significantly outperforms state-of-the-art manual data augmentation."
Bibliometrics beyond citations: introducing mention extraction and analysis,2024,NL,"Abstract Standard citation-based bibliometric tools have severe limitations when they are applied to periods in the history of science and the humanities before the advent of now-current citation practices. This paper presents an alternative method involving the extracting and analysis of mentions to map and analyze links between scholars and texts in periods that fall outside the scope of citation-based studies. Focusing on one specific discipline in one particular period and language area—Anglophone philosophy between 1890 and 1979—we describe a procedure to create a mention index by identifying, extracting, and disambiguating mentions in academic publications. Our mention index includes 1,095,765 mention links, extracted from 22,977 articles published in 12 journals. We successfully link 93% of these mentions to specific philosophers, with an estimated precision of 82% to 91%. Moreover, we integrate the mention index into a database named EDHIPHY, which includes data and metadata from multiple sources and enables multidimensional mention analyses. In the final part of the paper, we present four case studies conducted by domain experts, demonstrating the use and the potential of both EDHIPHY and mention analyses more generally."
Unveiling microbial communities with EasyAmplicon: A user‐centric guide to perform amplicon sequencing data analysis,2024,CN,"The advent of next-generation sequencing has revolutionized microbiome research, enabling in-depth exploration of microbial communities through amplicon sequencing. The widespread adoption of sequencing across diverse fields, coupled with decreasing costs, underscores the critical need for validated, fully automated, reproducible, and adaptable analysis pipelines. However, analyzing these high-throughput datasets often necessitates extensive bioinformatics expertize, hindering accessibility for many researchers. To address this challenge, in 2023 we developed EasyAmplicon, a comprehensive, user-friendly pipeline that integrates popular tools such as USEARCH and VSEARCH, offering a streamlined workflow from raw data to results. Remarkably, EasyAmplicon has garnered significant recognition within a year, as evidenced by 127 citations to date. To further facilitate the researchers and enhance usability, we present a detailed protocol with a video recording that guides users through each step of the pipeline, including data preprocessing (quality filtering, chimera removal), amplicon sequence variant analysis, diversity analysis, and data visualization. The protocol is designed for ease of use, with each step documented, allowing researchers to execute the workflow without requiring complex scripting skills. The EasyAmplicon pipeline is freely available on GitHub (https://github.com/YongxinLiu/EasyAmplicon)."
Navigating Thematic Analysis: Practical Strategies Grounded in Abductive Reasoning,2025,AU,"Abductive thematic analysis blends empirical observations with theoretical frameworks, fostering a continuous and dynamic exchange between research evidence and theory. It is distinct from other forms of analysis as it is underpinned by pragmatism and is flexible in its adoption of theory to best answer the research question. As a result of an interplay between theory and data, a surprising, puzzling, or anomalous finding may lead to new insights. This flexible approach to inquiry can draw from theories dependent upon what is best able to explain the data. This results in a theoretically informed explanation for empirical phenomena, which may in turn unveil unique insights about theories, making it a valuable tool across diverse research domains in medical science. The guidelines in this paper aim to illuminate abductive thematic analysis, steering the reader through each step toward maximizing novel theoretical contributions and fostering a comprehensive understanding for researchers and educators."
Psychological Distance to Science Affects Science Evaluations,2025,NL,"ABSTRACT In four experiments (three preregistered; N total = 4511), we investigated the influence of psychological distance to science (PSYDISC) on science evaluations. PSYDISC reflects the extent to which science is perceived as an (in)tangible undertaking conducted by people (dis)similar to oneself ( social ), with effects in the here (far away; spatial ) and now (in the distant future; temporal ), and as (un)useful and (in)applicable in the real world ( hypothetical distance ). In Study 1, framing the science of nanotechnology/genetic modification (GM) of food as psychologically close (vs. distant) lowered science skepticism. For GM science, we also found that psychological closeness increases perceived credibility and fosters more positive attitudes toward GM science. In a high‐powered replication for GM science (Study 2), we replicated the effects on attitude positivity and skepticism (but not credibility). Closely framed GM science was perceived as more personally relevant (Studies 3 and 4), which increased perceptions of credibility and attitude positivity, and reduced skepticism (Study 4). An internal meta‐analysis (Studies 1, 2, and 4) corroborated the main effects of PSYDISC on science evaluations. In sum, the current work provides evidence for a malleable antecedent of science evaluations—PSYDISC—that can be utilized to increase science acceptance."
Computer aided detection and diagnosis of polyps in adult patients undergoing colonoscopy: a living clinical practice guideline,2025,CA,"Abstract Clinical question In adult patients undergoing colonoscopy for any indication (screening, surveillance, follow-up of positive faecal immunochemical testing, or gastrointestinal symptoms such as blood in the stools) what are the benefits and harms of computer-aided detection (CADe)? Context and current practice Colorectal cancer (CRC), the third most common cancer and the second leading cause of cancer-related death globally, typically arises from adenomatous polyps. Detection and removal of polyps during colonoscopy can reduce the risk of cancer. CADe systems use artificial intelligence (AI) to assist endoscopists by analysing real-time colonoscopy images to detect potential polyps. Despite their increasing use in clinical practice, guideline recommendations that carefully balance all patient-important outcomes remain unavailable. In this first iteration of a living guideline, we address the use of CADe at the level of an individual patient. Evidence Evidence for this recommendation is drawn from a living systematic review of 44 randomised controlled trials (RCTs) involving more than 30 000 participants and a companion microsimulation study simulating 10 year follow-up for 100 000 individuals aged 60-69 years to assess the impact of CADe on patient-important outcomes. While no direct evidence was found for critical outcomes of colorectal cancer incidence and post-colonoscopy cancer incidence, low certainty data from the trials indicate that CADe may increase positive endoscopy findings. The microsimulation modelling, however, suggests little to no effect on CRC incidence, CRC-related mortality, or colonoscopy-related complications (perforation and bleeding) over the 10 year follow-up period, although low certainty evidence indicates CADe may increase the number of colonoscopies performed per patient. A review of values and preferences identified that patients value mortality reduction and quality of care but worry about increased anxiety, overdiagnosis, and more frequent surveillance. Recommendation For adults who have agreed to undergo colonoscopy, we suggest against the routine use of CADe (weak recommendation). How this guideline was created An international panel, including three patient partners, 11 healthcare providers, and seven methodologists, deemed by MAGIC and The BMJ to have no relevant competing interests, developed this recommendation. For this guideline the panel took an individual patient approach. The panel started by defining the clinical question in PICO format, and prioritised outcomes including CRC incidence and mortality. Based on the linked systematic review and microsimulation study, the panel sought to balance the benefits, harms, and burdens of CADe and assumed patient preferences when making this recommendation Understanding the recommendation The guideline panel found the benefits of CADe on critical outcomes, such as CRC incidence and post-colonoscopy cancer incidence, over a 10 year follow up period to be highly uncertain. Low certainty evidence suggests little to no impact on CRC-related mortality, while the potential burdens—including more frequent surveillance colonoscopies—are likely to affect many patients. Given the small and uncertain benefits and the likelihood of burdens, the panel issued a weak recommendation against routine CADe use. The panel acknowledges the anticipated variability in values and preferences among patients and clinicians when considering these uncertain benefits and potential burdens. In healthcare settings where CADe is available, individual decision making may be appropriate. Updates This is the first iteration of a living practice guideline. The panel will update this living guideline if ongoing evidence surveillance identifies new CADe trial data that substantially alters our conclusions about CRC incidence, mortality, or burdens, or studies that increase our certainty in values and preferences of individual patients. Updates will provide recommendations on the use of CADe from a healthcare systems perspective (including resource use, acceptability, feasibility, and equity), as well as the combined use of CADe and computer aided diagnosis (CADx). Users can access the latest guideline version and supporting evidence on MAGICapp, with updates periodically published in The BMJ ."
Multi-omics time-series analysis in microbiome research: a systematic review,2025,DK,"Recent developments in data generation have opened up unprecedented insights into living systems. It has been recognized that integrating and characterizing temporal variation simultaneously across multiple scales, from specific molecular interactions to entire ecosystems, is crucial for uncovering biological mechanisms and understanding the emergence of complex phenotypes. With the increasing number of studies incorporating multi-omics data sampled over time, it has become clear that integrated approaches are pivotal for these efforts. However, standard data analytical practices in longitudinal multi-omics are still shaping up and many of the available methods have not yet been widely evaluated and adopted. To address this gap, we performed the first systematic literature review that comprehensively categorizes, compares, and evaluates computational methods for longitudinal multi-omics integration, with a particular emphasis on four categories of the studies: (i) host and host-associated microbiome studies, (ii) microbiome-free host studies, (iii) host-free microbiome studies, and (iv) methodological framework studies. Our review highlights current methodological trends, identifies widely used and high-performing frameworks, and assesses each method across performance, interpretability, and ease of use. We further organize these methods into thematic groups-such as statistical modeling, machine learning, dimensionality reduction, and latent factor approaches-to provide a clear roadmap for future research and application. This work offers a critical foundation for advancing integrative longitudinal data science and supporting reproducible, scalable analysis in this rapidly evolving field."
"Perceptions of science, science communication, and climate change attitudes in 68 countries – the TISP dataset",2025,CH,"Science is integral to society because it can inform individual, government, corporate, and civil society decision-making on issues such as public health, new technologies or climate change. Yet, public distrust and populist sentiment challenge the relationship between science and society. To help researchers analyse the science-society nexus across different geographical and cultural contexts, we undertook a cross-sectional population survey resulting in a dataset of 71,922 participants in 68 countries. The data were collected between November 2022 and August 2023 as part of the global Many Labs study ""Trust in Science and Science-Related Populism"" (TISP). The questionnaire contained comprehensive measures for individuals' trust in scientists, science-related populist attitudes, perceptions of the role of science in society, science media use and communication behaviour, attitudes to climate change and support for environmental policies, personality traits, political and religious views and demographic characteristics. Here, we describe the dataset, survey materials and psychometric properties of key variables. We encourage researchers to use this unique dataset for global comparative analyses on public perceptions of science and its role in society and policy-making."
The academic impact of Open Science: a scoping review,2025,AT,"Open Science seeks to make research processes and outputs more accessible, transparent and inclusive, ensuring that scientific findings can be freely shared, scrutinized and built upon by researchers and others. To date, there has been no systematic synthesis of the extent to which Open Science (OS) reaches these aims. We use the PRISMA scoping review methodology to partially address this gap, scoping evidence on the academic (but not societal or economic) impacts of OS. We identify 485 studies related to all aspects of OS, including Open Access (OA), Open/FAIR Data (OFD), Open Code/Software, Open Evaluation and Citizen Science (CS). Analysing and synthesizing findings, we show that the majority of studies investigated effects of OA, CS and OFD. Key areas of impact studied are citations, quality, efficiency, equity, reuse, ethics and reproducibility, with most studies reporting positive or at least mixed impacts. However, we also identified significant unintended negative impacts, especially those regarding equity, diversity and inclusion. Overall, the main barrier to academic impact of OS is lack of skills, resources and infrastructure to effectively re-use and build on existing research. Building on this synthesis, we identify gaps within this literature and draw implications for future research and policy."
Motion-BIDS: an extension to the brain imaging data structure to organize motion data for reproducible research,2024,DE,"In the 1830s, the Weber brothers were among the first to report detailed information about temporal and spatial parameters of locomotion of different body parts 1 . Since then, advances in recording technology have led motion tracking to cover a wide range of applications. In the entertainment industry, motion is recorded to create realistic animation in films and games. In immersive virtual reality (VR) systems, motion data is used for interaction between users and the simulated environment. The motion of human body parts is the subject of study in the field of biomechanics and is a relevant source of information in numerous other research areas, such as medicine, sports science, ergonomics, and neuroscience."
Recent Applications of Explainable AI (XAI): A Systematic Literature Review,2024,FI,"This systematic literature review employs the Preferred Reporting Items for Systematic Reviews and Meta-Analyses (PRISMA) methodology to investigate recent applications of explainable AI (XAI) over the past three years. From an initial pool of 664 articles identified through the Web of Science database, 512 peer-reviewed journal articles met the inclusion criteria—namely, being recent, high-quality XAI application articles published in English—and were analyzed in detail. Both qualitative and quantitative statistical techniques were used to analyze the identified articles: qualitatively by summarizing the characteristics of the included studies based on predefined codes, and quantitatively through statistical analysis of the data. These articles were categorized according to their application domains, techniques, and evaluation methods. Health-related applications were particularly prevalent, with a strong focus on cancer diagnosis, COVID-19 management, and medical imaging. Other significant areas of application included environmental and agricultural management, industrial optimization, cybersecurity, finance, transportation, and entertainment. Additionally, emerging applications in law, education, and social care highlight XAI’s expanding impact. The review reveals a predominant use of local explanation methods, particularly SHAP and LIME, with SHAP being favored for its stability and mathematical guarantees. However, a critical gap in the evaluation of XAI results is identified, as most studies rely on anecdotal evidence or expert opinion rather than robust quantitative metrics. This underscores the urgent need for standardized evaluation frameworks to ensure the reliability and effectiveness of XAI applications. Future research should focus on developing comprehensive evaluation standards and improving the interpretability and stability of explanations. These advancements are essential for addressing the diverse demands of various application domains while ensuring trust and transparency in AI systems."
DATA PRIVACY LAWS AND THEIR IMPACT ON FINANCIAL TECHNOLOGY COMPANIES: A REVIEW,2024,Unknown,"In an era where the digital transformation of financial services is both a boon and a battleground, this paper meticulously navigates the intricate relationship between Financial Technology (FinTech) and the evolving landscape of data privacy laws. With the digital economy's expansion, FinTech companies stand at the forefront of innovation, offering unprecedented financial inclusion and efficiency opportunities. However, this rapid advancement also raises significant concerns regarding data privacy and consumer protection, necessitating a delicate balance between innovation and compliance. This study aims to dissect the complexities inherent in this relationship, exploring the impact of data privacy laws on FinTech, regulatory compliance challenges, and opportunities for fostering trust and innovation within the digital financial ecosystem. Employing a qualitative research design, the paper delves into a comprehensive review of scholarly literature, legal documents, and regulatory frameworks to illuminate the multifaceted dynamics at play. The findings reveal a nuanced ""Innovation Trilemma,"" where FinTech's drive for innovation often collides with the imperative for market integrity and regulatory clarity. The study underscores the critical role of ethical considerations in FinTech adoption, highlighting the importance of integrating ethical practices to safeguard consumer rights and data protection. Conclusively, the paper advocates for regulatory adaptability, ethical innovation, and collaborative engagement among stakeholders as essential strategies for navigating the complexities of the digital financial landscape. It calls for a concerted effort to foster an ecosystem where innovation thrives alongside robust consumer protection and market integrity, paving the way for a sustainable, inclusive and ethically grounded FinTech future. Keywords: Financial Technology, Data Privacy Laws, Regulatory Compliance, Innovation Trilemma, Ethical FinTech, Digital Financial Ecosystem."
